datetime,count
2012-06-14 13:00,319
2011-11-13 0:00,91
2012-08-16 1:00,25
2011-12-14 19:00,240
2011-10-12 6:00,93
2011-03-06 23:00,28
2012-01-05 10:00,80
2011-07-13 15:00,85
2012-07-07 10:00,335
2012-02-17 10:00,128
2012-06-14 4:00,19
2012-06-15 8:00,674
2012-10-03 1:00,15
2011-01-07 6:00,27
2011-12-01 23:00,72
2012-12-12 7:00,367
2012-11-07 19:00,347
2012-10-07 2:00,66
2011-11-17 9:00,202
2012-07-14 21:00,207
2011-03-09 10:00,51
2011-02-17 6:00,46
2012-12-17 15:00,228
2011-09-10 3:00,17
2011-10-01 21:00,56
2011-10-10 23:00,118
2011-12-17 9:00,136
2011-01-06 18:00,167
2011-09-12 8:00,426
2012-06-16 2:00,81
2011-10-03 13:00,98
2011-07-10 15:00,354
2012-09-07 8:00,674
2012-11-09 7:00,397
2011-06-08 12:00,142
2012-05-11 7:00,420
2011-02-07 5:00,10
2012-12-15 22:00,129
2012-09-10 17:00,908
2011-09-13 15:00,184
2011-04-02 16:00,189
2012-11-18 17:00,344
2011-07-03 11:00,350
2011-08-17 3:00,-1
2012-03-02 12:00,219
2011-05-08 5:00,7
2012-05-15 21:00,192
2012-05-13 12:00,567
2012-10-01 15:00,318
2012-03-03 15:00,444
2011-02-03 11:00,45
2011-08-06 1:00,86
2012-11-13 0:00,84
2011-11-11 22:00,64
2012-08-08 20:00,428
2012-05-02 5:00,31
2011-02-11 7:00,103
2011-04-14 20:00,145
2012-11-03 10:00,325
2012-01-18 23:00,47
2011-02-09 14:00,65
2012-03-01 4:00,-12
2012-01-17 2:00,-4
2011-05-09 9:00,209
2012-01-09 22:00,97
2012-01-07 19:00,217
2011-09-13 14:00,173
2011-05-12 10:00,116
2012-09-09 3:00,40
2011-11-13 17:00,327
2012-08-01 13:00,276
2011-10-17 10:00,156
2011-09-01 23:00,122
2011-03-17 23:00,81
2012-12-18 21:00,185
2011-09-01 6:00,105
2011-04-15 8:00,245
2011-05-08 22:00,106
2011-03-07 7:00,81
2011-05-14 18:00,231
2011-02-10 23:00,29
2012-02-18 17:00,416
2011-08-12 1:00,11
2011-02-04 12:00,81
2012-12-13 10:00,163
2011-06-14 13:00,208
2012-12-10 23:00,132
2011-11-14 5:00,30
2012-06-06 19:00,510
2012-06-19 5:00,20
2012-09-15 2:00,85
2011-11-02 20:00,206
2011-09-06 12:00,79
2011-04-19 15:00,145
2012-10-18 19:00,485
2011-08-01 10:00,123
2011-12-04 21:00,88
2012-09-04 9:00,315
2011-05-14 19:00,145
2011-11-15 13:00,173
2012-05-15 17:00,737
2011-10-12 5:00,28
2012-09-03 2:00,56
2011-05-17 7:00,216
2011-09-16 14:00,194
2011-08-01 11:00,134
2012-12-05 6:00,83
2012-01-05 8:00,402
2011-03-11 18:00,175
2011-01-05 7:00,90
2011-09-12 5:00,25
2012-10-08 23:00,148
2011-08-02 0:00,43
2012-03-05 4:00,1
2011-11-11 17:00,290
2011-05-04 1:00,18
2011-05-14 8:00,14
2011-03-07 0:00,-10
2011-03-09 7:00,128
2011-12-05 23:00,93
2012-04-14 10:00,361
2012-05-09 2:00,10
2011-02-10 10:00,41
2011-11-06 20:00,132
2011-01-18 20:00,51
2011-08-02 21:00,256
2011-12-04 9:00,174
2011-05-18 9:00,146
2011-01-11 17:00,141
2011-06-07 15:00,176
2012-11-06 15:00,259
2012-09-18 1:00,0
2011-07-09 8:00,119
2012-07-16 10:00,212
2011-08-09 7:00,305
2011-11-14 16:00,271
2012-02-18 22:00,78
2012-08-11 4:00,18
2011-09-05 7:00,32
2012-12-18 7:00,379
2011-09-17 3:00,34
2011-06-05 10:00,226
2012-04-14 21:00,236
2011-02-01 3:00,0
2012-09-09 22:00,188
2011-03-15 19:00,120
2012-11-01 0:00,60
2012-07-07 6:00,35
2012-02-10 15:00,174
2011-06-05 4:00,17
2012-04-18 14:00,111
2012-02-07 11:00,132
2012-08-03 22:00,259
2012-09-13 17:00,911
2012-09-17 16:00,408
2012-09-07 15:00,327
2011-04-18 0:00,23
2011-08-07 9:00,233
2012-10-08 12:00,429
2011-05-17 15:00,228
2012-06-15 6:00,158
2011-01-02 19:00,68
2011-07-08 2:00,34
2012-07-15 1:00,114
2011-05-17 19:00,366
2011-07-12 11:00,143
2012-09-14 22:00,194
2011-09-08 19:00,85
2012-02-13 15:00,209
2012-08-07 17:00,741
2012-03-19 3:00,-1
2012-06-10 15:00,512
2011-12-05 16:00,234
2012-01-17 11:00,130
2012-01-19 18:00,311
2011-03-02 17:00,290
2012-02-19 19:00,114
2012-05-11 8:00,614
2012-01-01 4:00,1
2012-12-04 15:00,269
2011-06-17 8:00,408
2012-04-07 21:00,225
2011-11-14 12:00,186
2012-05-14 17:00,481
2011-12-11 17:00,235
2012-10-07 16:00,214
2012-12-02 19:00,189
2011-11-16 22:00,64
2011-02-09 8:00,219
2012-06-16 12:00,649
2011-04-07 9:00,162
2012-09-14 10:00,244
2011-07-02 20:00,301
2011-08-11 8:00,440
2012-01-16 1:00,25
2011-09-04 9:00,194
2012-10-07 21:00,159
2012-05-10 9:00,323
2012-12-05 2:00,12
2012-09-04 14:00,271
2012-08-12 11:00,480
2012-03-08 23:00,74
2011-09-15 23:00,84
2012-12-19 9:00,324
2011-04-09 8:00,67
2012-10-02 14:00,136
2012-12-13 3:00,2
2012-08-13 4:00,7
2011-06-07 3:00,11
2012-08-19 3:00,41
2011-02-12 11:00,98
2012-11-07 12:00,208
2012-01-05 22:00,96
2012-08-02 2:00,5
2012-07-01 14:00,388
2012-09-10 23:00,156
2011-08-08 2:00,2
2011-03-07 1:00,-11
2011-11-03 4:00,4
2012-05-19 10:00,406
2012-09-15 15:00,698
2011-04-01 7:00,116
2012-01-19 6:00,94
2011-10-15 22:00,113
2011-02-07 23:00,23
2012-09-03 13:00,510
2012-11-02 18:00,593
2012-10-17 22:00,157
2011-03-15 10:00,60
2011-12-10 17:00,236
2011-04-13 12:00,49
2012-11-10 23:00,113
2012-07-08 14:00,300
2011-06-02 7:00,313
2012-07-08 12:00,420
2012-06-08 14:00,321
2011-10-06 7:00,325
2012-08-11 8:00,85
2012-08-15 13:00,303
2012-03-13 23:00,107
2011-05-19 15:00,169
2011-12-12 1:00,14
2012-05-08 2:00,0
2011-12-14 9:00,218
2011-02-04 1:00,8
2012-03-09 10:00,136
2012-08-07 20:00,396
2011-12-06 0:00,61
2011-01-06 11:00,43
2011-03-07 19:00,106
2012-04-16 14:00,380
2011-02-06 15:00,162
2012-07-09 20:00,420
2012-04-06 16:00,351
2011-05-19 4:00,6
2012-02-06 11:00,106
2011-09-17 8:00,62
2012-06-06 14:00,306
2011-10-07 7:00,315
2012-05-12 11:00,523
2012-04-19 3:00,5
2012-11-19 18:00,565
2012-12-02 6:00,16
2011-12-04 13:00,331
2012-01-03 14:00,82
2012-11-17 20:00,178
2011-02-14 18:00,179
2011-08-15 6:00,101
2012-10-17 4:00,18
2011-01-04 21:00,51
2011-10-02 4:00,-5
2012-07-02 9:00,284
2012-01-02 12:00,167
2011-09-18 16:00,363
2011-05-01 12:00,263
2011-08-05 3:00,6
2011-06-16 6:00,111
2012-11-12 18:00,315
2012-10-14 23:00,112
2011-12-11 21:00,66
2012-02-07 10:00,128
2012-11-18 12:00,440
2011-06-06 15:00,252
2012-11-12 19:00,290
2011-04-17 22:00,74
2012-10-05 19:00,527
2011-10-11 21:00,216
2011-01-17 23:00,38
2012-09-12 22:00,220
2011-05-06 18:00,389
2011-06-03 6:00,116
2011-03-11 10:00,38
2011-01-06 23:00,43
2012-02-03 19:00,256
2012-05-17 21:00,301
2012-09-07 19:00,598
2012-05-12 5:00,5
2011-04-12 19:00,208
2012-04-19 11:00,246
2011-10-19 7:00,131
2011-11-18 16:00,250
2012-11-01 8:00,656
2012-07-05 3:00,2
2012-02-11 0:00,68
2012-02-16 8:00,530
2012-10-01 19:00,503
2011-08-04 19:00,361
2012-09-17 22:00,166
2011-04-12 3:00,15
2012-08-03 12:00,272
2012-06-07 12:00,344
2011-07-03 18:00,293
2011-02-02 16:00,96
2012-09-17 18:00,738
2012-10-07 13:00,462
2012-01-14 0:00,52
2011-11-05 8:00,109
2012-07-15 7:00,78
2011-03-12 3:00,3
2011-07-10 4:00,11
2011-04-08 21:00,69
2012-02-03 12:00,177
2011-03-06 12:00,166
2012-06-03 3:00,23
2012-04-05 1:00,32
2011-08-06 12:00,399
2011-11-04 0:00,20
2012-12-17 9:00,320
2012-08-08 10:00,217
2011-05-04 5:00,10
2011-02-17 0:00,14
2011-04-18 16:00,221
2012-09-03 16:00,503
2012-04-12 4:00,-1
2012-09-18 15:00,177
2011-06-04 12:00,461
2011-11-13 14:00,345
2011-09-16 3:00,7
2011-08-19 18:00,437
2012-09-17 12:00,282
2011-12-17 16:00,230
2012-04-06 21:00,232
2011-08-07 15:00,329
2011-09-12 14:00,175
2012-02-16 10:00,32
2011-10-17 17:00,580
2011-07-14 0:00,38
2011-12-07 10:00,9
2012-12-13 18:00,563
2011-11-16 13:00,60
2012-11-17 7:00,58
2012-08-09 11:00,226
2012-12-08 22:00,130
2012-09-17 0:00,54
2012-10-01 10:00,246
2012-10-05 6:00,162
2012-12-10 7:00,342
2011-03-05 19:00,146
2011-11-17 3:00,10
2011-05-17 10:00,89
2012-12-19 21:00,205
2012-09-07 12:00,291
2011-04-15 2:00,13
2011-08-05 13:00,210
2011-01-08 11:00,90
2011-06-14 15:00,196
2011-06-07 9:00,207
2012-07-08 6:00,43
2011-12-19 13:00,135
2011-08-10 0:00,38
2012-05-07 21:00,227
2012-01-08 6:00,18
2011-01-06 19:00,97
2011-08-17 21:00,241
2012-02-04 0:00,53
2012-05-19 7:00,113
2011-06-12 3:00,27
2011-06-09 22:00,157
2011-01-07 9:00,118
2012-05-10 7:00,413
2012-01-02 21:00,46
2011-03-19 1:00,75
2012-07-15 14:00,459
2012-11-11 10:00,322
2011-10-14 11:00,73
2012-10-08 6:00,23
2012-03-09 9:00,270
2011-07-06 23:00,138
2012-01-03 18:00,227
2011-01-18 13:00,55
2012-07-17 4:00,21
2012-01-07 12:00,335
2012-03-09 2:00,-9
2012-08-09 1:00,26
2011-10-17 22:00,158
2012-01-16 2:00,11
2012-08-03 23:00,170
2012-08-10 22:00,242
2012-10-03 23:00,105
2012-08-04 21:00,246
2011-06-19 4:00,0
2012-02-11 20:00,64
2011-09-02 17:00,543
2012-06-02 0:00,126
2011-04-13 19:00,277
2012-12-05 1:00,51
2011-11-02 9:00,216
2012-01-10 11:00,117
2012-03-15 20:00,266
2011-06-04 14:00,423
2011-05-11 5:00,28
2012-11-18 16:00,385
2011-12-08 18:00,336
2011-10-10 9:00,226
2011-11-16 11:00,48
2011-08-19 15:00,181
2012-01-16 15:00,191
2012-06-19 3:00,3
2012-04-07 5:00,11
2012-09-07 2:00,12
2012-12-10 4:00,4
2012-12-08 5:00,26
2012-11-16 0:00,38
2012-01-15 19:00,89
2011-02-06 21:00,64
2012-01-19 21:00,141
2011-06-09 8:00,446
2012-09-17 23:00,76
2012-08-05 6:00,29
2011-02-13 7:00,-8
2011-10-01 15:00,256
2012-03-04 19:00,113
2011-07-14 19:00,394
2012-08-09 6:00,158
2012-10-09 5:00,36
2011-12-06 12:00,63
2012-04-05 2:00,2
2012-11-15 7:00,376
2012-04-09 21:00,167
2011-04-17 13:00,329
2012-04-19 14:00,284
2012-11-08 14:00,223
2012-05-05 19:00,236
2012-11-19 21:00,214
2012-01-01 1:00,69
2011-12-01 19:00,265
2011-07-06 16:00,291
2011-03-04 6:00,40
2011-02-16 15:00,97
2012-12-03 2:00,10
2012-01-16 14:00,202
2011-11-15 7:00,293
2012-09-05 12:00,294
2011-06-08 6:00,116
2011-08-09 4:00,7
2011-09-17 19:00,251
2012-08-06 23:00,152
2012-03-16 5:00,18
2012-07-18 6:00,150
2011-04-07 20:00,136
2012-01-14 13:00,229
2012-05-08 21:00,240
2011-04-11 5:00,15
2011-02-01 7:00,100
2012-07-03 10:00,185
2011-02-19 19:00,72
2011-08-02 4:00,16
2012-02-13 11:00,106
2012-07-04 20:00,417
2012-08-04 19:00,379
2012-10-16 16:00,560
2012-03-05 15:00,156
2011-12-05 13:00,160
2012-02-09 0:00,28
2011-06-06 12:00,213
2012-03-01 8:00,602
2011-09-03 4:00,16
2012-02-02 10:00,104
2011-08-12 9:00,199
2011-08-09 1:00,14
2012-01-07 3:00,22
2012-09-14 21:00,308
2011-08-16 20:00,297
2012-06-11 19:00,542
2012-08-18 7:00,71
2011-05-16 20:00,213
2011-01-03 7:00,80
2011-04-09 5:00,8
2011-10-11 13:00,203
2011-02-12 0:00,26
2011-06-03 17:00,568
2011-02-13 1:00,27
2011-12-11 8:00,94
2011-02-19 1:00,41
2011-06-02 15:00,233
2012-10-12 17:00,781
2011-09-10 23:00,78
2012-11-02 19:00,417
2011-12-08 13:00,140
2012-05-07 7:00,400
2011-10-13 22:00,128
2011-07-02 10:00,282
2012-05-14 7:00,185
2012-08-03 17:00,781
2011-12-04 7:00,54
2012-12-19 20:00,255
2011-10-03 20:00,157
2011-12-07 9:00,59
2011-05-19 22:00,89
2012-01-09 2:00,7
2012-01-14 16:00,184
2011-01-11 1:00,0
2012-10-05 15:00,402
2011-03-01 19:00,99
2011-01-08 22:00,16
2012-11-08 13:00,214
2012-12-04 6:00,136
2011-11-17 19:00,208
2012-02-19 0:00,70
2011-03-16 11:00,66
2012-12-13 6:00,113
2012-02-07 4:00,8
2011-06-18 1:00,92
2011-12-04 16:00,343
2011-01-10 14:00,41
2011-06-05 7:00,26
2011-01-02 12:00,118
2011-07-02 11:00,351
2011-08-11 1:00,12
2012-09-13 16:00,524
2011-12-11 23:00,34
2011-02-18 1:00,19
2012-07-19 18:00,770
2012-11-03 22:00,126
2011-11-05 4:00,2
2012-01-02 7:00,58
2011-02-04 23:00,36
2011-03-05 18:00,158
2012-04-03 17:00,733
2012-01-11 13:00,63
2012-02-01 5:00,24
2011-06-15 17:00,536
2012-02-18 15:00,354
2012-05-01 20:00,386
2011-06-01 19:00,291
2012-05-11 9:00,332
2011-08-12 14:00,201
2011-03-04 10:00,69
2011-02-18 8:00,257
2012-11-01 1:00,24
2012-02-05 9:00,116
2011-08-03 3:00,-3
2011-01-01 1:00,30
2011-01-04 14:00,52
2011-12-03 7:00,33
2011-08-12 21:00,238
2012-11-02 1:00,18
2012-07-14 0:00,172
2012-02-01 18:00,589
2011-03-08 2:00,0
2012-03-04 12:00,349
2012-01-03 20:00,82
2012-11-17 21:00,158
2011-05-13 18:00,389
2012-02-02 6:00,84
2012-05-02 18:00,697
2012-04-12 13:00,261
2011-09-09 11:00,74
2011-09-06 2:00,10
2012-08-18 11:00,498
2011-01-05 17:00,170
2012-01-06 3:00,4
2012-10-16 10:00,263
2011-12-04 5:00,18
2011-11-11 16:00,278
2012-03-13 14:00,244
2011-04-11 17:00,429
2011-06-12 5:00,15
2011-05-07 4:00,10
2012-07-05 0:00,45
2011-05-06 6:00,92
2012-10-18 6:00,165
2011-03-05 4:00,9
2012-07-06 21:00,317
2012-02-09 17:00,398
2012-05-11 3:00,3
2012-12-13 8:00,629
2012-12-17 4:00,0
2011-10-12 18:00,291
2011-09-01 3:00,7
2011-12-17 11:00,199
2011-12-17 23:00,54
2012-06-02 19:00,432
2011-10-17 9:00,206
2011-12-19 16:00,256
2012-02-18 8:00,65
2011-09-13 3:00,3
2012-09-13 6:00,172
2011-01-05 15:00,61
2012-05-10 17:00,822
2012-01-02 17:00,205
2012-09-09 16:00,716
2012-03-17 11:00,427
2011-11-12 8:00,105
2012-04-06 4:00,3
2012-11-06 13:00,253
2012-05-04 6:00,146
2012-10-13 11:00,499
2012-05-01 12:00,257
2011-11-16 19:00,157
2012-07-09 22:00,245
2012-10-09 4:00,17
2012-03-09 8:00,543
2011-11-05 9:00,145
2012-05-12 20:00,267
2012-12-06 15:00,235
2011-11-07 23:00,70
2012-02-16 18:00,221
2011-09-07 18:00,266
2011-02-10 17:00,191
2011-06-14 20:00,312
2011-11-06 16:00,353
2012-11-14 13:00,248
2011-11-15 6:00,108
2012-10-12 18:00,725
2012-01-09 8:00,433
2011-05-05 21:00,190
2012-09-17 10:00,243
2012-08-18 9:00,287
2012-04-10 5:00,18
2011-11-11 10:00,186
2011-11-15 15:00,176
2012-03-01 18:00,543
2011-10-11 2:00,8
2011-04-16 3:00,15
2011-07-04 12:00,430
2011-04-05 8:00,145
2011-06-09 3:00,22
2011-04-19 3:00,4
2011-12-02 4:00,1
2011-10-04 19:00,336
2012-12-12 18:00,539
2012-06-11 7:00,467
2011-12-10 14:00,291
2012-04-19 2:00,7
2012-04-08 13:00,520
2012-04-04 6:00,123
2012-01-16 23:00,53
2011-09-12 16:00,329
2011-05-07 11:00,335
2012-07-01 15:00,433
2011-01-15 13:00,113
2012-03-06 2:00,1
2011-02-15 1:00,19
2011-11-09 13:00,186
2011-09-19 21:00,203
2012-07-02 8:00,548
2011-03-09 15:00,62
2011-09-05 11:00,294
2012-12-09 0:00,114
2011-06-08 3:00,1
2011-03-13 3:00,7
2011-01-05 19:00,98
2012-10-01 18:00,719
2011-08-14 19:00,257
2011-06-04 2:00,60
2012-09-19 11:00,277
2012-06-15 11:00,263
2011-03-15 9:00,134
2012-06-09 11:00,523
2012-02-07 12:00,191
2012-03-11 22:00,121
2012-11-19 13:00,272
2012-04-05 4:00,8
2011-02-03 15:00,70
2012-02-12 23:00,37
2011-05-18 17:00,494
2012-02-17 20:00,201
2011-07-07 3:00,5
2011-04-06 11:00,115
2012-06-12 14:00,115
2012-06-06 11:00,254
2011-10-19 15:00,55
2012-05-06 2:00,84
2011-05-18 12:00,173
2012-07-08 19:00,343
2012-07-09 16:00,419
2011-07-08 4:00,10
2012-10-07 20:00,185
2011-12-14 5:00,23
2011-03-08 22:00,49
2012-04-15 11:00,507
2012-11-15 15:00,263
2012-08-11 13:00,539
2011-03-18 19:00,256
2011-01-11 22:00,29
2011-09-05 23:00,108
2011-10-07 1:00,9
2011-11-09 20:00,219
2011-06-14 18:00,505
2011-02-08 20:00,76
2011-07-13 8:00,447
2012-12-11 6:00,128
2011-07-14 13:00,206
2012-12-06 10:00,183
2011-12-06 15:00,59
2011-09-03 12:00,450
2012-06-03 4:00,21
2012-02-14 22:00,121
2011-07-09 4:00,21
2012-05-06 19:00,362
2012-02-01 11:00,121
2011-12-13 6:00,77
2011-02-17 23:00,57
2011-12-14 8:00,410
2012-12-06 14:00,209
2012-02-19 22:00,55
2011-10-12 10:00,118
2012-07-05 12:00,256
2011-05-12 4:00,3
2011-10-13 6:00,84
2012-08-02 9:00,338
2012-06-04 9:00,371
2011-05-09 12:00,211
2011-02-17 20:00,108
2012-08-19 6:00,24
2012-06-10 16:00,510
2011-02-05 12:00,92
2011-12-03 17:00,296
2012-08-05 21:00,168
2011-12-13 23:00,72
2011-06-14 16:00,335
2011-05-05 23:00,81
2012-11-12 8:00,305
2012-10-19 11:00,196
2011-04-16 0:00,52
2011-11-09 17:00,475
2012-08-14 23:00,137
2012-03-04 14:00,353
2012-06-18 1:00,25
2012-05-19 14:00,705
2011-07-14 10:00,154
2012-05-03 4:00,4
2011-10-15 11:00,346
2012-04-13 1:00,14
2012-04-17 0:00,77
2011-02-02 5:00,5
2011-03-15 7:00,120
2012-09-14 23:00,160
2012-03-17 19:00,340
2012-12-13 1:00,40
2012-06-09 20:00,345
2011-11-06 23:00,73
2012-12-06 13:00,240
2012-10-12 8:00,710
2011-07-12 8:00,436
2011-07-16 20:00,299
2011-04-18 4:00,4
2011-04-17 20:00,101
2012-12-12 23:00,100
2011-07-14 11:00,180
2011-05-10 18:00,553
2012-06-15 15:00,347
2011-12-03 18:00,195
2011-03-12 11:00,162
2012-08-02 14:00,252
2012-08-07 1:00,19
2011-11-04 23:00,46
2012-02-09 19:00,261
2012-04-02 13:00,318
2012-10-04 8:00,674
2012-04-13 9:00,353
2012-03-13 4:00,4
2012-09-16 3:00,40
2011-03-04 22:00,52
2012-07-02 2:00,-7
2011-10-07 16:00,332
2012-12-11 12:00,235
2012-06-12 20:00,378
2011-03-01 18:00,180
2012-04-16 6:00,42
2012-06-06 3:00,15
2012-06-11 23:00,138
2012-03-07 20:00,261
2011-01-07 23:00,35
2011-07-06 2:00,6
2011-04-16 15:00,99
2011-03-08 8:00,250
2012-01-02 19:00,96
2012-06-02 23:00,150
2011-05-09 20:00,240
2011-06-10 7:00,299
2011-06-09 1:00,15
2011-06-14 3:00,35
2011-03-18 21:00,85
2011-06-13 8:00,443
2011-04-08 19:00,62
2012-12-02 4:00,12
2011-07-01 11:00,186
2011-10-16 18:00,344
2012-09-18 0:00,45
2011-10-14 7:00,87
2011-01-16 14:00,126
2012-08-12 14:00,558
2012-07-06 20:00,403
2012-08-11 1:00,119
2012-12-11 0:00,67
2011-07-16 11:00,382
2012-08-07 4:00,10
2011-09-01 1:00,13
2012-03-17 20:00,306
2012-11-18 1:00,82
2011-09-02 14:00,221
2011-07-04 5:00,31
2012-11-13 1:00,-13
2011-02-15 11:00,56
2011-04-09 9:00,77
2011-10-04 11:00,159
2012-06-14 1:00,29
2011-02-12 14:00,169
2011-06-15 4:00,10
2012-05-08 7:00,418
2011-09-10 11:00,393
2012-01-19 22:00,117
2012-10-03 20:00,443
2011-08-02 12:00,194
2011-10-10 11:00,339
2012-01-07 13:00,356
2011-01-06 5:00,7
2012-02-02 16:00,309
2012-03-13 20:00,335
2011-02-02 1:00,9
2012-04-07 13:00,581
2011-12-01 17:00,430
2012-07-11 2:00,7
2011-05-01 0:00,83
2012-03-04 8:00,73
2011-11-01 19:00,342
2011-11-18 17:00,375
2012-06-10 4:00,22
2011-06-02 6:00,118
2011-07-02 4:00,1
2011-08-16 14:00,191
2012-04-03 1:00,24
2012-05-05 11:00,488
2011-01-09 1:00,30
2012-05-08 12:00,261
2012-09-05 21:00,271
2012-04-02 9:00,344
2012-07-10 19:00,545
2012-04-17 18:00,710
2012-03-08 11:00,178
2012-05-03 15:00,281
2012-04-15 14:00,614
2011-07-12 2:00,3
2011-08-14 11:00,280
2012-06-11 20:00,425
2012-09-03 3:00,22
2012-09-03 6:00,10
2011-01-03 0:00,11
2011-06-06 4:00,11
2011-06-06 22:00,206
2012-07-04 21:00,354
2012-03-09 15:00,241
2011-02-02 15:00,65
2012-12-10 13:00,140
2011-10-19 5:00,-16
2011-09-16 0:00,33
2011-01-18 19:00,75
2011-06-13 2:00,20
2012-04-17 22:00,173
2011-09-19 12:00,195
2012-10-13 4:00,18
2012-05-09 6:00,126
2012-12-01 3:00,29
2011-06-09 16:00,245
2011-09-15 15:00,187
2011-03-13 7:00,7
2011-05-15 10:00,219
2011-06-19 3:00,15
2012-08-18 17:00,594
2012-08-17 7:00,453
2011-02-12 20:00,37
2011-08-18 0:00,34
2011-07-19 0:00,39
2011-07-12 20:00,297
2012-12-19 13:00,270
2012-01-01 23:00,24
2011-07-14 8:00,420
2011-05-09 18:00,501
2011-03-13 13:00,230
2011-07-18 20:00,276
2011-11-18 12:00,154
2012-09-10 21:00,305
2012-07-06 18:00,672
2011-12-19 6:00,76
2011-07-16 6:00,18
2011-03-01 1:00,8
2012-07-07 14:00,366
2012-06-04 12:00,324
2011-01-16 21:00,25
2011-06-09 4:00,5
2011-05-05 3:00,5
2011-10-11 18:00,457
2011-08-06 20:00,209
2011-01-02 0:00,55
2012-07-03 20:00,376
2011-06-04 6:00,6
2011-03-06 20:00,19
2011-09-11 11:00,360
2011-04-05 19:00,211
2011-04-01 6:00,35
2011-12-17 10:00,168
2011-03-09 14:00,62
2011-05-14 6:00,13
2012-08-18 8:00,146
2012-03-05 0:00,18
2012-12-17 23:00,25
2011-02-07 8:00,251
2012-10-19 14:00,316
2012-07-05 10:00,191
2012-02-08 12:00,131
2011-08-04 9:00,204
2011-12-12 22:00,101
2011-03-08 16:00,119
2012-07-09 6:00,70
2011-01-02 11:00,119
2011-03-12 8:00,-1
2011-03-12 22:00,54
2011-02-03 7:00,92
2011-05-16 2:00,12
2012-08-03 13:00,275
2012-08-19 15:00,487
2012-12-11 18:00,556
2011-11-05 21:00,99
2012-03-05 9:00,252
2011-03-05 7:00,-8
2012-07-08 20:00,269
2011-05-02 21:00,217
2012-09-12 19:00,584
2012-08-03 7:00,483
2012-09-06 6:00,171
2011-05-08 16:00,370
2011-09-15 10:00,143
2011-09-19 19:00,340
2012-07-16 1:00,48
2011-07-18 12:00,201
2012-09-13 13:00,328
2012-11-05 8:00,645
2011-02-16 12:00,87
2012-10-15 1:00,42
2011-06-15 7:00,318
2011-07-12 15:00,130
2012-04-08 17:00,476
2011-12-11 13:00,291
2011-01-10 16:00,84
2012-05-08 9:00,327
2011-09-12 21:00,211
2011-07-05 21:00,221
2012-09-08 12:00,581
2012-04-05 11:00,249
2011-10-17 20:00,247
2012-02-18 16:00,394
2011-04-15 7:00,93
2011-07-06 6:00,103
2011-09-19 11:00,177
2012-03-14 22:00,181
2011-11-17 6:00,52
2012-11-16 20:00,245
2011-06-10 0:00,37
2012-01-19 5:00,14
2012-05-15 15:00,273
2011-01-16 16:00,80
2012-08-15 6:00,159
2012-08-07 14:00,262
2012-05-10 11:00,220
2011-02-13 17:00,178
2012-02-10 7:00,220
2012-10-17 12:00,322
2011-01-01 19:00,19
2012-08-15 1:00,40
2011-03-09 12:00,78
2011-01-09 4:00,4
2012-06-17 11:00,532
2011-05-18 19:00,190
2012-12-08 7:00,53
2011-07-10 7:00,30
2012-02-19 10:00,175
2011-06-18 17:00,435
2012-04-18 8:00,452
2011-07-01 7:00,301
2011-08-19 19:00,249
2011-05-09 0:00,36
2011-07-04 0:00,113
2012-06-17 23:00,138
2011-11-13 23:00,66
2012-11-03 17:00,331
2012-04-13 2:00,3
2012-10-08 19:00,274
2011-06-16 12:00,203
2011-10-07 4:00,2
2011-02-05 17:00,81
2011-10-08 14:00,456
2011-01-07 7:00,93
2011-02-16 3:00,1
2011-06-12 4:00,17
2012-05-04 12:00,162
2011-11-15 12:00,189
2012-05-12 3:00,29
2012-04-12 15:00,286
2011-03-09 9:00,110
2011-09-13 7:00,301
2011-06-14 10:00,117
2012-12-15 2:00,62
2012-03-15 5:00,19
2011-06-10 3:00,9
2012-12-07 12:00,228
2012-01-11 18:00,181
2012-12-16 10:00,253
2012-07-03 6:00,152
2012-08-03 3:00,17
2011-03-15 0:00,10
2012-01-15 7:00,-15
2012-02-11 2:00,39
2011-09-11 10:00,283
2012-10-14 13:00,613
2011-04-18 6:00,66
2011-06-11 8:00,112
2012-01-01 6:00,-1
2011-04-12 13:00,76
2012-10-03 13:00,281
2012-08-06 3:00,21
2012-08-19 9:00,267
2012-06-19 17:00,768
2012-05-08 22:00,98
2012-11-06 8:00,669
2011-04-05 1:00,-1
2011-07-18 2:00,6
2011-10-14 13:00,204
2011-02-09 20:00,55
2012-06-18 12:00,129
2011-05-01 15:00,281
2011-09-01 8:00,424
2012-04-04 1:00,22
2012-07-14 18:00,418
2012-10-16 9:00,390
2011-03-13 9:00,43
2012-09-15 23:00,143
2012-11-12 23:00,111
2012-08-05 18:00,378
2012-02-12 10:00,126
2011-07-07 19:00,384
2011-02-16 14:00,86
2012-10-11 9:00,381
2011-11-03 14:00,160
2011-01-03 10:00,45
2012-07-17 22:00,289
2012-03-02 23:00,43
2011-03-12 12:00,169
2011-09-02 1:00,33
2012-11-15 4:00,4
2011-05-10 23:00,89
2011-10-18 12:00,215
2012-03-12 22:00,159
2012-10-05 0:00,55
2011-07-13 10:00,113
2011-05-18 20:00,142
2011-11-07 13:00,204
2011-04-02 15:00,116
2012-03-18 16:00,464
2012-03-10 5:00,18
2011-02-19 15:00,132
2011-02-11 1:00,3
2011-01-11 18:00,107
2011-10-19 23:00,39
2011-03-16 12:00,83
2012-01-14 2:00,35
2011-06-02 23:00,124
2011-01-09 12:00,82
2012-05-13 14:00,553
2012-04-11 16:00,407
2012-11-09 19:00,368
2012-08-02 5:00,35
2012-11-03 21:00,157
2011-01-05 23:00,20
2012-08-02 10:00,193
2012-05-15 12:00,287
2011-04-15 23:00,57
2011-02-13 4:00,9
2011-01-05 6:00,28
2012-01-04 22:00,70
2011-05-06 22:00,137
2012-08-09 7:00,443
2011-12-19 23:00,62
2011-06-11 1:00,85
2012-06-19 20:00,410
2011-09-11 1:00,71
2012-02-13 22:00,110
2012-02-01 9:00,283
2012-08-15 8:00,607
2012-03-02 8:00,560
2011-08-03 1:00,10
2011-12-02 6:00,76
2011-11-03 8:00,421
2011-03-05 2:00,22
2011-11-14 2:00,6
2012-02-04 5:00,14
2012-09-14 14:00,308
2012-05-13 13:00,565
2011-07-01 15:00,216
2012-08-11 19:00,215
2011-07-15 4:00,10
2012-01-16 4:00,-11
2011-11-04 13:00,155
2012-10-16 14:00,331
2011-08-10 20:00,276
2011-01-05 2:00,-1
2011-12-09 23:00,69
2011-12-15 13:00,164
2011-11-16 23:00,31
2012-07-18 8:00,578
2012-05-04 3:00,10
2012-06-18 19:00,476
2012-02-12 2:00,36
2011-06-04 15:00,426
2011-01-03 19:00,89
2011-02-09 19:00,55
2012-07-05 1:00,9
2012-11-09 15:00,293
2011-12-06 9:00,153
2012-07-12 1:00,21
2011-04-19 10:00,132
2012-03-16 23:00,65
2011-07-07 10:00,119
2011-02-13 14:00,154
2012-04-18 19:00,401
2012-01-15 21:00,49
2012-09-17 14:00,258
2012-04-12 0:00,20
2012-01-11 20:00,73
2011-09-11 20:00,212
2012-08-09 17:00,852
2011-02-05 22:00,49
2012-02-13 19:00,280
2011-03-04 5:00,16
2011-07-12 23:00,138
2011-04-08 5:00,14
2012-08-03 9:00,366
2011-12-17 19:00,105
2012-06-10 11:00,513
2012-02-19 14:00,297
2012-06-06 16:00,442
2012-02-10 19:00,253
2011-03-15 12:00,83
2012-08-19 1:00,108
2012-09-19 0:00,53
2011-09-08 11:00,74
2011-07-15 8:00,428
2012-11-15 8:00,636
2011-12-08 10:00,126
2011-07-09 16:00,392
2011-01-01 16:00,80
2011-01-06 13:00,72
2012-02-12 9:00,80
2011-10-19 22:00,70
2011-12-13 19:00,219
2011-09-05 8:00,96
2011-09-17 18:00,288
2012-08-14 11:00,245
2012-08-18 10:00,413
2011-03-18 22:00,89
2012-03-07 2:00,8
2012-01-10 2:00,8
2011-10-17 8:00,436
2012-03-03 9:00,141
2012-05-18 17:00,822
2011-09-12 19:00,396
2011-08-18 22:00,159
2012-06-01 8:00,609
2012-07-02 22:00,230
2011-03-08 23:00,34
2012-03-02 1:00,14
2012-05-17 15:00,320
2012-10-15 18:00,569
2012-04-16 23:00,107
2011-12-02 8:00,408
2012-04-09 14:00,286
2011-03-05 10:00,73
2011-05-05 1:00,21
2012-12-03 16:00,422
2012-09-19 23:00,130
2012-11-04 18:00,312
2012-12-04 13:00,213
2011-06-10 14:00,170
2012-12-06 16:00,327
2011-02-01 16:00,88
2011-12-13 15:00,177
2011-12-01 4:00,5
2012-10-18 22:00,135
2012-01-04 3:00,-6
2012-05-01 15:00,247
2011-08-07 16:00,360
2012-05-13 2:00,70
2011-01-15 21:00,32
2012-12-04 2:00,21
2011-09-10 5:00,11
2011-12-03 9:00,154
2012-07-01 6:00,33
2011-05-12 6:00,91
2012-04-17 3:00,6
2012-05-19 19:00,449
2012-08-03 4:00,5
2012-08-04 0:00,180
2011-09-02 10:00,122
2012-03-06 4:00,3
2011-05-06 0:00,48
2012-03-19 2:00,11
2012-07-02 20:00,429
2011-07-06 22:00,172
2012-09-07 4:00,7
2011-01-10 7:00,83
2012-05-19 4:00,32
2012-11-03 9:00,221
2011-10-18 6:00,112
2011-08-04 17:00,528
2011-10-05 8:00,420
2011-12-18 6:00,1
2011-10-15 17:00,414
2011-07-13 2:00,0
2012-06-07 16:00,451
2011-04-06 18:00,401
2012-09-11 20:00,364
2011-10-04 3:00,1
2011-10-01 20:00,88
2012-06-12 1:00,18
2012-07-09 17:00,786
2012-04-04 11:00,238
2012-01-10 5:00,24
2012-06-08 11:00,271
2011-10-07 19:00,363
2011-04-18 17:00,410
2011-02-16 10:00,65
2012-11-06 20:00,246
2011-08-08 19:00,381
2012-07-01 1:00,112
2012-05-05 14:00,505
2012-05-14 23:00,107
2012-03-08 18:00,629
2011-06-04 7:00,8
2012-05-07 5:00,35
2012-08-09 18:00,766
2011-12-02 5:00,16
2011-06-01 1:00,24
2011-11-13 2:00,57
2011-08-15 5:00,18
2012-08-03 18:00,738
2012-02-03 0:00,55
2011-07-06 13:00,188
2011-05-05 7:00,243
2012-05-01 17:00,674
2011-10-02 14:00,171
2011-05-04 16:00,225
2011-03-14 9:00,130
2012-12-01 4:00,18
2012-12-17 8:00,625
2011-06-01 17:00,500
2011-03-12 0:00,32
2011-03-08 19:00,122
2012-03-17 12:00,486
2011-07-05 14:00,185
2011-05-19 18:00,527
2011-01-14 1:00,5
2011-05-01 20:00,128
2012-06-17 5:00,9
2011-02-02 19:00,106
2011-11-18 11:00,145
2011-12-08 17:00,397
2011-05-05 22:00,119
2012-04-10 3:00,5
2011-11-16 2:00,8
2011-09-12 18:00,551
2011-08-04 20:00,268
2012-10-13 3:00,27
2012-11-18 3:00,28
2011-06-03 21:00,268
2011-04-01 0:00,3
2011-04-06 16:00,230
2012-12-09 6:00,27
2012-06-07 2:00,10
2012-04-04 23:00,87
2012-09-06 18:00,783
2011-08-01 23:00,123
2011-01-14 17:00,169
2012-06-09 9:00,312
2012-02-16 11:00,42
2012-01-08 14:00,315
2012-03-04 2:00,53
2012-01-13 21:00,114
2012-06-05 21:00,271
2012-10-03 14:00,258
2012-04-01 14:00,391
2011-11-06 6:00,16
2012-04-18 11:00,164
2011-06-08 10:00,122
2012-08-04 8:00,264
2011-10-05 19:00,360
2012-05-01 8:00,573
2012-01-07 16:00,377
2012-01-08 2:00,48
2012-08-01 10:00,237
2012-04-18 17:00,449
2011-04-11 22:00,82
2011-05-16 4:00,9
2012-10-16 11:00,289
2012-04-01 0:00,76
2011-10-13 10:00,31
2011-08-13 3:00,22
2012-07-15 22:00,202
2011-01-04 7:00,83
2011-02-03 22:00,41
2011-11-09 18:00,409
2011-08-17 4:00,-4
2012-06-07 19:00,606
2012-07-01 19:00,362
2011-10-19 0:00,32
2011-08-07 21:00,150
2011-11-07 5:00,19
2011-08-07 7:00,56
2012-05-06 12:00,549
2012-12-14 8:00,655
2011-02-04 10:00,50
2011-08-10 13:00,188
2012-04-05 16:00,413
2012-11-17 16:00,435
2012-04-14 3:00,27
2012-03-07 15:00,249
2011-05-04 14:00,152
2012-02-18 18:00,363
2011-04-17 9:00,119
2012-07-07 5:00,19
2012-02-02 2:00,2
2011-06-02 13:00,239
2012-06-13 10:00,192
2011-01-05 12:00,67
2012-07-08 9:00,245
2012-07-09 3:00,21
2011-12-04 6:00,18
2012-12-19 0:00,34
2012-09-18 21:00,179
2011-07-03 9:00,199
2012-07-16 20:00,443
2012-08-07 18:00,778
2011-01-01 7:00,-15
2012-12-07 23:00,109
2012-06-01 13:00,297
2012-08-13 17:00,880
2011-12-18 17:00,206
2011-04-07 17:00,367
2012-12-01 21:00,172
2011-01-12 0:00,8
2011-03-04 8:00,247
2011-08-14 22:00,114
2011-12-09 13:00,168
2011-03-12 16:00,194
2012-05-19 5:00,13
2012-11-09 13:00,255
2011-05-05 5:00,24
2011-08-10 1:00,6
2012-11-10 9:00,245
2011-12-18 9:00,141
2011-06-17 19:00,246
2012-08-04 9:00,261
2012-11-06 16:00,335
2011-05-19 19:00,379
2012-08-13 14:00,264
2011-03-14 15:00,100
2012-04-19 13:00,279
2012-03-15 9:00,325
2012-09-10 5:00,52
2011-06-02 8:00,454
2011-10-03 11:00,107
2012-01-04 2:00,-6
2012-12-18 5:00,26
2011-10-09 17:00,457
2011-03-14 1:00,6
2012-03-04 1:00,66
2012-03-17 2:00,53
2011-03-10 12:00,23
2011-12-06 7:00,288
2012-11-13 16:00,358
2012-08-08 21:00,306
2012-07-08 8:00,210
2011-12-15 12:00,138
2012-01-12 10:00,109
2012-06-14 15:00,292
2011-03-05 22:00,44
2011-08-15 21:00,220
2011-11-10 1:00,9
2012-07-09 7:00,262
2012-08-15 0:00,67
2011-02-13 21:00,49
2011-07-11 22:00,185
2012-09-15 16:00,717
2011-02-13 6:00,13
2011-10-16 2:00,53
2011-10-06 18:00,484
2011-10-17 2:00,13
2012-05-06 5:00,16
2012-08-05 15:00,519
2011-05-10 16:00,320
2011-01-01 21:00,30
2012-12-02 18:00,311
2012-02-01 6:00,81
2012-07-15 10:00,416
2012-03-03 11:00,293
2011-08-01 22:00,168
2011-11-10 8:00,427
2011-08-01 19:00,383
2012-09-05 7:00,456
2012-01-06 18:00,559
2011-02-18 23:00,-25
2011-08-03 11:00,153
2012-08-15 3:00,9
2012-10-17 14:00,284
2012-12-16 18:00,197
2012-10-14 20:00,275
2012-12-19 15:00,275
2012-02-15 17:00,476
2012-02-02 21:00,147
2012-01-18 5:00,25
2012-10-04 2:00,14
2011-03-01 0:00,36
2012-07-12 16:00,426
2012-01-19 23:00,85
2012-04-01 10:00,299
2012-09-02 5:00,10
2012-11-19 7:00,392
2012-09-17 6:00,177
2012-07-14 12:00,547
2011-09-14 9:00,216
2011-02-02 12:00,52
2011-10-07 17:00,596
2011-01-09 5:00,3
2011-10-15 20:00,201
2011-04-04 10:00,83
2011-02-01 18:00,175
2012-04-10 12:00,304
2012-11-10 4:00,12
2012-03-04 23:00,54
2011-08-07 22:00,126
2012-04-11 22:00,148
2012-03-06 8:00,496
2011-12-11 11:00,278
2012-11-11 2:00,53
2012-11-04 11:00,397
2011-07-14 12:00,227
2011-05-05 11:00,158
2011-09-19 1:00,24
2012-03-10 12:00,311
2012-06-01 16:00,361
2011-07-11 19:00,275
2012-07-03 23:00,180
2012-06-06 21:00,263
2011-06-17 4:00,6
2011-09-03 18:00,348
2012-11-18 23:00,56
2012-01-05 21:00,122
2012-03-10 2:00,44
2011-09-16 1:00,13
2012-06-01 2:00,18
2012-02-02 19:00,284
2012-04-14 16:00,660
2011-07-07 1:00,17
2011-08-15 20:00,276
2012-10-02 9:00,179
2011-10-15 19:00,256
2012-07-17 0:00,65
2011-05-17 13:00,164
2012-03-17 9:00,278
2012-06-18 17:00,651
2012-02-08 1:00,8
2012-02-02 12:00,190
2012-04-19 12:00,301
2011-12-19 14:00,145
2011-07-07 8:00,453
2011-02-05 9:00,17
2011-03-12 20:00,74
2012-11-08 0:00,46
2011-11-03 23:00,93
2011-01-17 12:00,114
2011-01-13 16:00,89
2011-01-13 7:00,81
2011-12-17 4:00,7
2011-12-09 5:00,21
2011-04-07 11:00,116
2011-05-18 11:00,132
2011-02-10 21:00,73
2012-06-11 16:00,411
2011-01-16 11:00,108
2011-04-17 3:00,18
2011-06-19 5:00,1
2011-01-01 9:00,35
2011-11-02 6:00,94
2012-06-09 23:00,148
2012-07-07 17:00,244
2011-10-15 1:00,72
2012-05-02 1:00,24
2012-10-11 17:00,857
2011-12-13 16:00,252
2011-05-07 12:00,433
2011-08-06 3:00,20
2012-11-03 1:00,96
2011-04-02 6:00,7
2012-12-01 1:00,97
2011-04-01 21:00,107
2012-12-05 7:00,282
2011-07-19 11:00,128
2012-09-08 17:00,292
2012-08-15 21:00,324
2012-02-14 7:00,235
2012-12-08 21:00,152
2011-10-15 16:00,419
2011-03-11 14:00,64
2012-08-17 8:00,668
2012-06-12 10:00,114
2012-06-18 13:00,251
2011-02-06 14:00,205
2012-03-17 16:00,617
2011-04-09 12:00,219
2012-07-13 5:00,39
2011-10-10 19:00,245
2012-08-12 16:00,609
2012-03-05 1:00,3
2012-03-19 16:00,402
2011-10-12 2:00,2
2011-03-12 17:00,233
2011-12-17 6:00,-9
2011-07-14 15:00,206
2011-11-01 10:00,135
2011-11-02 1:00,8
2011-02-14 23:00,21
2012-08-16 3:00,21
2012-03-02 9:00,269
2012-10-11 5:00,60
2012-09-09 19:00,475
2012-06-19 4:00,3
2012-09-01 3:00,36
2012-06-15 17:00,816
2012-07-13 1:00,31
2012-06-02 6:00,17
2011-07-12 7:00,271
2012-02-04 4:00,13
2012-02-18 14:00,402
2012-10-03 7:00,433
2012-05-19 16:00,654
2012-10-12 20:00,326
2011-05-05 6:00,85
2011-02-09 3:00,1
2012-12-01 11:00,347
2012-11-11 5:00,13
2011-09-01 14:00,137
2012-12-18 3:00,2
2011-07-14 18:00,557
2011-01-18 16:00,77
2011-06-03 0:00,67
2011-09-07 10:00,30
2011-03-17 5:00,15
2011-12-01 14:00,143
2011-05-03 23:00,67
2011-03-04 23:00,41
2012-02-01 21:00,154
2011-05-18 0:00,33
2012-10-01 20:00,242
2011-08-05 4:00,15
2012-05-05 13:00,534
2011-06-05 5:00,15
2011-01-15 6:00,6
2011-09-05 22:00,39
2011-06-14 5:00,39
2012-03-13 21:00,237
2012-04-17 9:00,338
2011-02-19 23:00,37
2011-06-13 14:00,211
2012-07-03 12:00,278
2012-12-15 1:00,99
2011-05-17 8:00,403
2012-02-04 15:00,262
2011-01-16 8:00,-7
2012-07-09 4:00,-36
2011-04-03 4:00,8
2011-01-18 12:00,44
2011-04-08 10:00,60
2012-07-12 15:00,288
2012-07-04 18:00,393
2012-06-14 8:00,633
2012-04-15 3:00,25
2012-11-04 2:00,58
2011-06-10 19:00,363
2011-04-07 18:00,359
2011-01-01 11:00,109
2011-04-19 11:00,124
2011-01-12 14:00,48
2011-02-09 6:00,25
2012-04-19 17:00,765
2012-03-02 7:00,294
2011-12-11 0:00,80
2011-06-19 23:00,139
2011-02-09 22:00,32
2011-04-05 16:00,135
2011-08-10 8:00,410
2012-05-04 10:00,210
2012-05-04 11:00,246
2011-06-02 4:00,15
2012-02-06 6:00,88
2012-10-03 21:00,236
2012-05-09 8:00,644
2012-11-04 23:00,106
2011-07-12 9:00,212
2012-04-15 7:00,194
2011-02-19 17:00,167
2012-05-19 8:00,215
2011-06-02 0:00,45
2012-04-10 7:00,338
2011-10-16 11:00,393
2012-04-11 23:00,108
2011-11-08 6:00,102
2012-07-07 1:00,91
2012-04-17 1:00,56
2012-02-17 23:00,78
2012-01-04 23:00,41
2012-02-03 17:00,418
2011-04-12 4:00,4
2011-03-16 10:00,65
2012-03-08 0:00,30
2012-07-05 5:00,42
2011-11-07 17:00,473
2012-02-19 7:00,2
2012-09-13 14:00,311
2011-09-18 4:00,12
2011-04-17 14:00,353
2011-10-03 7:00,265
2012-04-03 4:00,6
2011-03-10 1:00,0
2012-08-05 4:00,15
2011-05-02 2:00,15
2012-10-19 18:00,622
2012-09-05 15:00,289
2012-12-15 15:00,429
2012-04-10 20:00,258
2012-04-14 1:00,66
2011-11-16 3:00,6
2012-08-11 20:00,104
2012-11-03 19:00,219
2011-11-19 11:00,282
2012-09-04 6:00,156
2012-09-16 21:00,264
2012-10-08 18:00,366
2011-09-12 6:00,101
2012-11-07 22:00,178
2012-11-19 9:00,326
2012-10-18 2:00,27
2012-04-08 22:00,132
2012-06-10 3:00,47
2011-05-19 7:00,224
2011-03-07 9:00,136
2011-07-17 20:00,290
2011-04-04 9:00,154
2011-06-10 10:00,125
2011-11-03 6:00,105
2012-06-06 18:00,704
2012-03-10 7:00,37
2011-06-16 18:00,387
2012-09-15 22:00,197
2012-11-17 2:00,56
2011-01-10 18:00,173
2012-07-12 5:00,36
2012-10-01 5:00,36
2012-09-16 10:00,443
2012-01-09 14:00,28
2011-07-19 6:00,121
2012-05-07 2:00,15
2012-09-18 17:00,565
2011-11-04 8:00,414
2012-12-05 5:00,63
2012-10-15 21:00,255
2012-01-18 6:00,101
2011-11-03 2:00,9
2012-06-17 20:00,366
2011-12-06 23:00,62
2011-07-11 3:00,5
2011-11-03 16:00,258
2012-03-08 1:00,11
2012-07-11 7:00,426
2011-11-16 12:00,61
2011-12-05 2:00,5
2011-10-19 11:00,87
2012-01-09 13:00,124
2011-03-13 8:00,-6
2011-10-17 7:00,313
2012-04-10 9:00,326
2012-04-14 5:00,12
2012-06-02 5:00,7
2012-11-05 23:00,117
2011-08-10 12:00,184
2012-10-01 0:00,71
2012-01-07 7:00,13
2012-08-13 9:00,394
2012-10-15 22:00,186
2012-01-09 20:00,133
2012-02-14 18:00,352
2012-12-04 9:00,362
2011-07-16 22:00,172
2012-03-14 23:00,99
2012-08-10 11:00,188
2012-12-10 19:00,446
2011-01-17 16:00,81
2011-07-19 2:00,7
2011-05-02 14:00,169
2011-02-11 11:00,52
2012-02-05 23:00,63
2012-04-01 17:00,448
2011-09-11 23:00,95
2012-04-14 20:00,281
2011-03-15 4:00,1
2011-04-13 6:00,29
2012-08-16 0:00,52
2012-06-18 23:00,20
2011-08-18 6:00,113
2011-09-13 12:00,200
2012-01-16 6:00,-8
2011-07-13 17:00,396
2011-01-11 14:00,36
2011-02-02 20:00,95
2011-07-16 15:00,398
2012-11-04 12:00,465
2011-08-17 6:00,106
2012-03-18 0:00,101
2012-07-10 1:00,37
2012-01-03 1:00,7
2012-10-19 8:00,607
2012-05-03 11:00,217
2012-09-01 21:00,74
2012-11-09 3:00,6
2012-10-18 20:00,330
2011-02-15 17:00,202
2012-05-10 4:00,11
2011-06-04 4:00,6
2011-12-04 11:00,252
2011-08-05 6:00,119
2011-11-13 5:00,1
2011-09-10 9:00,183
2012-12-16 15:00,380
2011-11-04 9:00,196
2012-03-17 13:00,548
2012-01-15 4:00,11
2011-06-19 22:00,190
2012-09-11 23:00,129
2011-02-16 16:00,138
2012-12-17 17:00,448
2012-11-12 6:00,49
2012-06-09 21:00,275
2012-07-07 23:00,143
2012-07-19 13:00,266
2012-08-09 22:00,214
2012-05-03 6:00,141
2012-12-06 20:00,261
2012-03-10 11:00,273
2012-05-18 19:00,536
2011-02-18 21:00,81
2012-10-01 3:00,10
2011-06-12 2:00,70
2012-07-17 23:00,174
2012-10-04 3:00,8
2012-08-11 16:00,507
2011-05-14 3:00,21
2011-07-01 18:00,531
2012-01-13 8:00,427
2011-04-06 5:00,14
2011-08-11 23:00,100
2011-10-18 4:00,3
2011-06-17 6:00,97
2012-02-08 16:00,57
2012-12-13 17:00,583
2012-01-09 1:00,14
2011-04-17 0:00,50
2012-03-19 0:00,38
2012-05-16 8:00,661
2012-11-12 14:00,396
2011-01-12 11:00,41
2011-01-02 17:00,93
2011-08-17 11:00,164
2011-08-01 0:00,65
2011-07-12 13:00,139
2012-03-14 21:00,240
2011-09-09 20:00,175
2012-05-02 9:00,280
2011-12-06 2:00,5
2012-01-14 3:00,15
2012-08-08 18:00,773
2012-11-06 2:00,12
2011-07-03 15:00,383
2011-10-09 21:00,168
2012-03-03 22:00,131
2011-07-08 10:00,142
2011-08-16 13:00,188
2011-05-16 1:00,20
2012-04-12 12:00,258
2011-11-09 9:00,201
2012-01-17 15:00,153
2011-02-05 1:00,38
2011-04-06 20:00,152
2012-02-07 0:00,28
2011-12-01 7:00,279
2012-02-09 22:00,102
2012-06-05 8:00,695
2011-11-16 8:00,288
2011-06-13 6:00,107
2012-02-17 12:00,184
2012-08-10 3:00,23
2012-08-03 0:00,70
2011-09-19 15:00,205
2011-10-05 2:00,13
2011-05-08 9:00,184
2012-04-16 11:00,328
2011-12-05 22:00,116
2012-02-10 13:00,149
2012-06-09 7:00,71
2012-12-15 21:00,168
2011-11-19 6:00,0
2011-03-16 7:00,95
2012-05-16 22:00,262
2011-12-05 6:00,93
2012-02-06 8:00,511
2012-05-05 18:00,395
2012-12-18 13:00,312
2011-08-18 21:00,206
2011-04-19 18:00,383
2012-08-02 12:00,281
2011-01-04 9:00,126
2012-02-05 21:00,108
2011-03-04 7:00,98
2012-10-18 15:00,338
2012-05-04 5:00,37
2012-07-12 8:00,575
2011-06-19 13:00,392
2012-10-04 21:00,324
2011-10-04 17:00,552
2012-03-18 8:00,168
2011-02-16 23:00,39
2011-08-05 16:00,308
2012-07-02 17:00,738
2012-08-07 16:00,420
2012-02-17 1:00,15
2011-12-07 2:00,-13
2011-02-08 7:00,137
2012-06-06 12:00,330
2011-06-17 18:00,552
2011-03-14 0:00,9
2011-10-07 13:00,224
2012-03-14 19:00,468
2011-11-06 19:00,161
2012-04-15 23:00,116
2012-07-18 5:00,24
2011-04-11 7:00,181
2012-09-12 18:00,825
2011-02-08 10:00,49
2012-12-12 12:00,239
2012-08-15 12:00,310
2012-10-18 13:00,361
2012-11-13 6:00,72
2012-12-13 12:00,222
2011-10-05 6:00,105
2011-09-12 9:00,209
2012-05-04 8:00,663
2011-01-17 19:00,74
2011-10-10 18:00,394
2011-07-18 10:00,116
2012-06-01 20:00,136
2011-04-10 6:00,10
2012-12-14 5:00,22
2011-02-02 21:00,68
2012-08-07 12:00,297
2012-01-09 5:00,21
2012-04-07 20:00,282
2012-04-07 19:00,364
2012-06-01 3:00,13
2011-03-04 18:00,169
2012-08-18 6:00,29
2011-08-13 2:00,63
2012-12-18 16:00,416
2011-07-13 5:00,23
2011-05-06 8:00,420
2012-10-10 13:00,355
2012-10-19 9:00,282
2011-11-19 19:00,148
2012-01-04 6:00,66
2012-06-10 19:00,388
2011-05-09 14:00,189
2011-09-01 0:00,34
2011-02-19 5:00,-4
2011-10-04 10:00,132
2012-03-11 8:00,90
2011-11-16 17:00,379
2012-04-07 0:00,115
2011-10-10 7:00,170
2012-11-13 4:00,-2
2012-04-04 12:00,254
2011-11-09 12:00,187
2012-05-18 14:00,335
2011-03-15 22:00,61
2011-10-13 4:00,0
2012-06-08 16:00,454
2011-09-11 3:00,28
2011-05-18 3:00,8
2011-10-15 3:00,52
2012-08-10 0:00,52
2012-10-14 21:00,191
2012-04-03 12:00,316
2012-03-16 21:00,142
2012-01-11 9:00,218
2012-04-05 13:00,311
2011-11-11 21:00,93
2011-11-17 4:00,8
2012-12-09 5:00,19
2012-07-17 6:00,155
2011-02-12 10:00,58
2012-06-04 5:00,28
2011-09-18 15:00,346
2012-03-19 9:00,335
2012-12-07 7:00,159
2011-05-19 1:00,20
2012-04-11 5:00,23
2011-09-17 13:00,342
2012-04-13 21:00,221
2012-08-09 16:00,438
2012-03-17 5:00,18
2012-10-03 0:00,44
2012-01-04 14:00,60
2012-03-05 22:00,116
2011-04-16 2:00,30
2011-05-08 8:00,72
2011-11-09 1:00,8
2011-09-19 0:00,46
2011-08-03 16:00,281
2011-08-09 16:00,278
2012-07-11 0:00,43
2012-09-09 1:00,111
2011-12-08 0:00,42
2012-10-14 16:00,657
2011-09-07 3:00,-2
2011-01-10 4:00,-1
2012-07-12 4:00,2
2012-01-10 6:00,82
2011-02-15 8:00,213
2012-06-03 11:00,538
2012-03-12 18:00,677
2011-04-11 19:00,268
2012-03-14 16:00,422
2011-10-02 10:00,158
2011-12-12 21:00,120
2011-03-02 19:00,54
2012-05-04 16:00,422
2011-10-10 14:00,377
2012-05-07 9:00,307
2012-05-13 17:00,548
2012-01-05 16:00,203
2012-09-03 14:00,493
2011-08-01 14:00,153
2011-09-04 5:00,20
2012-04-16 2:00,33
2012-01-15 11:00,207
2011-04-01 22:00,70
2011-12-07 14:00,25
2012-07-18 9:00,327
2012-12-18 10:00,214
2012-05-04 7:00,407
2012-04-13 0:00,18
2011-12-03 16:00,336
2012-02-13 2:00,-1
2012-01-13 22:00,85
2012-07-17 12:00,227
2011-05-06 17:00,527
2011-05-04 23:00,74
2012-03-02 0:00,30
2012-08-10 1:00,23
2012-02-11 10:00,85
2011-12-14 15:00,164
2011-12-01 1:00,31
2012-06-18 9:00,295
2012-06-06 20:00,336
2011-02-14 5:00,12
2012-12-14 13:00,256
2012-05-09 1:00,11
2012-07-14 6:00,29
2012-07-06 13:00,253
2012-04-10 2:00,7
2012-10-08 8:00,314
2011-04-07 15:00,127
2012-09-06 23:00,168
2011-06-01 18:00,401
2012-07-10 0:00,59
2012-02-05 1:00,54
2012-10-18 23:00,71
2011-12-06 14:00,36
2011-09-06 7:00,297
2011-09-17 14:00,344
2011-09-14 22:00,164
2012-06-12 3:00,-8
2011-01-03 23:00,20
2011-12-06 3:00,2
2011-04-09 17:00,152
2012-02-09 15:00,168
2012-03-14 7:00,385
2012-09-07 22:00,239
2011-11-04 11:00,121
2012-07-06 5:00,19
2011-08-17 17:00,582
2011-12-04 18:00,241
2011-05-10 14:00,179
2012-07-16 5:00,20
2012-02-05 12:00,274
2012-08-08 4:00,7
2011-08-19 13:00,180
2012-05-13 11:00,499
2012-09-08 10:00,455
2012-08-18 15:00,596
2011-04-02 0:00,38
2011-11-16 0:00,28
2011-12-03 15:00,329
2012-12-19 17:00,591
2012-07-18 22:00,223
2011-05-17 1:00,8
2012-11-19 19:00,390
2012-07-05 17:00,690
2012-10-17 9:00,365
2012-12-03 23:00,123
2011-03-07 12:00,89
2012-12-06 2:00,8
2012-02-05 10:00,168
2011-11-08 3:00,5
2011-08-12 2:00,-3
2012-03-09 5:00,7
2011-12-10 0:00,82
2012-01-12 1:00,8
2011-06-10 23:00,107
2012-12-19 16:00,349
2012-01-14 10:00,157
2012-12-03 6:00,161
2012-05-02 21:00,231
2011-01-03 21:00,45
2012-07-16 0:00,46
2012-11-11 6:00,37
2012-02-04 8:00,72
2011-12-01 10:00,96
2012-09-04 3:00,4
2012-02-05 3:00,15
2011-02-05 15:00,60
2011-04-10 10:00,116
2012-07-04 10:00,388
2011-11-08 2:00,5
2011-08-17 0:00,31
2012-06-14 19:00,585
2011-11-07 11:00,141
2012-07-04 7:00,79
2012-01-08 5:00,10
2012-10-07 15:00,294
2011-09-02 5:00,15
2011-09-02 19:00,362
2012-12-15 10:00,298
2011-03-01 17:00,195
2011-09-08 0:00,8
2012-04-09 7:00,398
2012-06-10 13:00,528
2011-12-19 3:00,2
2011-05-07 2:00,45
2011-05-14 13:00,195
2012-03-06 12:00,168
2011-02-15 4:00,13
2012-08-17 4:00,20
2011-03-19 7:00,4
2011-05-12 8:00,422
2011-09-09 17:00,492
2012-09-10 3:00,14
2012-09-02 4:00,6
2012-03-05 18:00,232
2011-04-19 5:00,22
2011-03-09 2:00,0
2012-04-10 6:00,111
2011-05-17 5:00,19
2012-04-03 15:00,305
2012-02-12 5:00,-7
2011-07-07 18:00,503
2012-01-12 18:00,528
2011-09-14 8:00,420
2012-07-11 14:00,263
2012-10-07 10:00,304
2011-12-01 20:00,198
2012-04-15 9:00,290
2012-06-07 17:00,803
2012-03-06 16:00,262
2011-02-09 5:00,11
2011-12-03 2:00,45
2012-01-14 21:00,62
2012-12-12 22:00,136
2012-09-01 23:00,135
2011-09-06 6:00,103
2011-06-06 19:00,364
2012-12-04 22:00,146
2011-05-12 13:00,177
2012-05-14 0:00,55
2011-12-18 8:00,81
2011-04-08 6:00,45
2012-10-05 22:00,207
2011-08-10 7:00,288
2012-03-11 19:00,267
2012-03-15 14:00,254
2012-06-01 18:00,256
2011-06-17 22:00,147
2012-12-12 11:00,158
2012-06-17 21:00,286
2012-12-06 23:00,103
2012-08-19 5:00,17
2012-03-02 22:00,114
2012-09-12 1:00,34
2011-10-14 20:00,238
2012-05-09 23:00,37
2011-08-11 13:00,214
2012-06-10 21:00,230
2011-07-04 10:00,285
2011-08-11 9:00,209
2012-05-06 11:00,424
2011-08-12 11:00,147
2011-11-09 6:00,102
2011-05-10 0:00,35
2011-02-04 3:00,0
2011-09-04 14:00,404
2012-07-12 23:00,166
2011-01-09 17:00,90
2011-06-09 7:00,300
2011-10-15 4:00,3
2011-04-03 10:00,170
2012-12-11 10:00,211
2012-06-06 10:00,211
2011-02-10 14:00,71
2012-04-18 10:00,161
2011-09-09 19:00,247
2012-07-09 19:00,585
2011-10-10 20:00,230
2012-04-09 19:00,473
2011-03-12 9:00,52
2011-12-18 1:00,63
2011-07-14 17:00,572
2012-03-17 3:00,27
2012-05-10 16:00,428
2011-01-17 20:00,26
2011-06-17 3:00,5
2012-06-08 17:00,789
2012-02-09 7:00,224
2011-07-08 14:00,137
2011-02-05 16:00,25
2011-02-11 9:00,117
2012-05-08 18:00,640
2011-05-09 13:00,207
2012-05-10 0:00,29
2011-09-01 12:00,209
2012-07-07 13:00,411
2012-08-07 7:00,481
2011-12-19 20:00,161
2012-11-19 11:00,185
2011-03-12 18:00,159
2011-02-11 20:00,90
2012-10-04 16:00,478
2011-10-17 16:00,299
2011-05-08 13:00,407
2012-10-09 2:00,3
2012-09-08 9:00,285
2011-12-10 11:00,225
2012-02-01 20:00,227
2011-11-15 18:00,430
2011-05-11 19:00,357
2011-06-04 20:00,251
2011-02-08 12:00,75
2011-04-17 6:00,3
2011-08-19 10:00,113
2012-07-18 13:00,181
2012-07-06 0:00,21
2012-07-01 13:00,425
2011-06-06 14:00,214
2011-11-05 10:00,200
2011-07-10 9:00,182
2011-03-03 8:00,189
2011-02-10 1:00,9
2011-01-07 17:00,152
2012-12-06 12:00,232
2012-03-13 0:00,28
2011-10-18 13:00,197
2012-10-13 23:00,108
2011-04-12 22:00,47
2011-10-06 16:00,304
2011-11-13 8:00,105
2011-02-12 21:00,40
2012-09-16 7:00,111
2011-11-16 9:00,144
2011-06-02 11:00,180
2012-03-03 1:00,43
2012-04-18 20:00,238
2012-09-15 3:00,41
2012-02-14 15:00,182
2012-06-15 20:00,452
2011-10-05 18:00,533
2011-04-18 23:00,68
2011-07-02 18:00,384
2011-03-12 4:00,0
2011-02-19 10:00,102
2012-03-13 3:00,0
2012-10-09 7:00,402
2011-05-01 4:00,5
2011-01-15 11:00,104
2012-07-15 13:00,504
2011-11-05 0:00,95
2012-07-13 11:00,247
2011-06-03 22:00,182
2011-08-03 23:00,98
2011-10-12 21:00,86
2011-04-14 9:00,200
2012-01-13 16:00,152
2011-01-03 15:00,56
2011-01-02 3:00,-2
2011-05-14 11:00,256
2012-12-03 4:00,25
2011-12-05 1:00,11
2011-08-06 5:00,15
2011-01-08 0:00,29
2012-11-13 23:00,95
2011-09-12 1:00,9
2011-03-13 21:00,39
2011-03-01 3:00,2
2012-05-07 17:00,750
2012-03-01 6:00,97
2012-08-17 13:00,366
2012-05-18 9:00,363
2011-12-08 23:00,47
2012-09-19 20:00,389
2011-07-13 19:00,315
2012-10-09 16:00,436
2012-05-19 21:00,310
2011-01-04 12:00,50
2011-07-09 18:00,374
2012-09-11 0:00,71
2011-01-05 4:00,-5
2012-08-18 0:00,142
2012-08-05 23:00,80
2011-08-10 9:00,194
2012-04-14 6:00,29
2012-09-06 20:00,407
2012-11-19 6:00,131
2011-05-17 16:00,309
2012-01-12 4:00,3
2011-02-18 4:00,6
2012-08-19 20:00,306
2011-07-18 13:00,149
2011-06-09 21:00,222
2012-06-03 1:00,100
2011-12-09 21:00,116
2012-10-12 5:00,39
2012-01-12 0:00,19
2011-09-01 10:00,149
2012-02-10 5:00,18
2012-09-17 20:00,331
2011-07-06 9:00,168
2012-08-13 6:00,170
2012-04-04 22:00,232
2011-02-05 21:00,30
2012-04-11 9:00,301
2011-10-14 19:00,319
2011-09-08 23:00,48
2011-06-17 12:00,197
2012-03-19 6:00,149
2011-09-11 14:00,403
2011-11-19 17:00,303
2011-01-11 7:00,93
2011-06-08 19:00,336
2011-12-10 23:00,47
2012-10-04 23:00,183
2011-10-10 16:00,440
2012-12-12 15:00,250
2011-05-16 17:00,446
2011-07-02 21:00,218
2011-06-01 22:00,179
2012-09-13 3:00,9
2011-11-18 8:00,421
2012-10-09 9:00,336
2011-05-14 4:00,14
2011-05-15 5:00,7
2011-04-10 1:00,42
2012-03-16 16:00,218
2012-06-08 13:00,325
2012-11-09 10:00,200
2011-08-19 2:00,-11
2011-12-11 12:00,284
2011-09-13 18:00,527
2012-07-07 22:00,178
2012-03-10 9:00,156
2011-09-01 11:00,157
2011-09-10 12:00,412
2011-03-12 14:00,163
2012-06-03 18:00,553
2011-12-07 15:00,-2
2011-03-15 13:00,80
2012-09-07 23:00,153
2012-01-17 18:00,452
2011-10-02 13:00,252
2011-04-08 8:00,244
2011-12-05 11:00,122
2011-02-08 4:00,0
2011-07-12 6:00,104
2012-11-19 15:00,267
2011-10-14 10:00,69
2011-12-04 0:00,74
2011-05-14 14:00,262
2011-11-03 12:00,168
2011-08-17 9:00,184
2011-09-07 22:00,86
2011-12-02 14:00,159
2012-11-08 16:00,340
2012-02-16 4:00,-15
2011-09-16 23:00,101
2011-09-10 15:00,381
2011-12-09 0:00,33
2011-11-13 11:00,320
2012-09-12 11:00,249
2012-09-02 14:00,462
2012-03-04 5:00,-2
2011-11-06 9:00,164
2012-03-14 15:00,310
2011-07-15 3:00,12
2011-06-15 9:00,208
2011-06-06 0:00,46
2012-12-15 12:00,440
2012-01-02 1:00,31
2012-06-15 4:00,9
2011-10-08 23:00,88
2012-05-17 22:00,227
2012-04-15 0:00,100
2011-05-11 0:00,48
2012-10-02 7:00,225
2011-11-16 18:00,247
2012-01-16 17:00,266
2012-11-02 16:00,371
2011-01-17 7:00,26
2011-03-17 10:00,84
2012-10-14 2:00,67
2012-07-13 16:00,469
2011-06-01 2:00,5
2012-04-15 18:00,525
2011-02-05 13:00,62
2011-01-19 10:00,65
2012-08-19 0:00,151
2011-11-11 12:00,206
2012-12-03 1:00,23
2012-02-11 21:00,-11
2012-11-05 7:00,365
2012-06-19 2:00,5
2012-06-07 13:00,371
2011-09-16 22:00,129
2012-03-12 20:00,274
2012-03-02 17:00,210
2012-03-11 16:00,469
2012-10-04 7:00,423
2012-09-09 6:00,31
2012-07-01 5:00,23
2012-07-14 15:00,552
2012-07-04 14:00,463
2011-11-03 20:00,229
2012-06-09 1:00,116
2012-05-06 9:00,261
2011-02-18 6:00,54
2012-06-14 6:00,182
2012-02-11 4:00,7
2012-12-01 13:00,410
2012-04-11 14:00,251
2011-03-12 19:00,133
2012-03-04 21:00,99
2011-03-01 5:00,13
2011-08-14 15:00,371
2011-11-07 15:00,184
2012-10-06 9:00,304
2012-02-10 3:00,4
2011-08-10 19:00,358
2012-03-15 3:00,7
2012-03-14 9:00,306
2011-04-03 19:00,183
2011-04-09 1:00,38
2011-07-12 0:00,32
2012-11-14 0:00,47
2011-01-12 9:00,120
2012-03-07 10:00,143
2012-01-09 17:00,172
2012-10-11 20:00,320
2012-08-06 1:00,23
2011-11-10 15:00,66
2011-08-10 15:00,160
2012-09-18 16:00,285
2012-06-16 6:00,22
2012-11-05 18:00,565
2012-07-09 8:00,657
2011-09-09 7:00,99
2011-12-13 22:00,99
2012-04-15 20:00,309
2012-07-04 6:00,32
2012-06-17 18:00,556
2012-08-03 14:00,284
2012-11-17 14:00,515
2012-10-11 6:00,178
2012-08-15 19:00,599
2011-08-16 22:00,178
2012-05-14 18:00,548
2011-03-03 3:00,-1
2011-11-04 2:00,9
2012-05-18 13:00,347
2012-06-16 11:00,577
2012-09-05 19:00,557
2011-01-04 22:00,27
2012-05-04 22:00,214
2012-06-15 1:00,19
2012-01-04 15:00,107
2012-11-07 6:00,141
2012-01-05 6:00,76
2011-09-07 11:00,-2
2012-01-15 6:00,10
2012-03-01 22:00,125
2011-12-05 7:00,272
2011-07-17 6:00,21
2012-07-16 9:00,358
2011-10-10 5:00,13
2012-01-09 6:00,82
2012-04-04 2:00,20
2012-11-10 7:00,75
2012-02-16 5:00,29
2012-04-06 11:00,246
2011-08-15 7:00,287
2011-03-08 6:00,27
2011-02-10 4:00,0
2012-11-07 15:00,221
2012-06-05 6:00,167
2012-03-04 17:00,256
2011-10-14 22:00,124
2011-03-02 23:00,40
2012-05-02 16:00,419
2012-08-04 16:00,516
2012-01-15 22:00,52
2011-08-19 23:00,34
2012-11-19 8:00,638
2012-11-04 14:00,455
2011-08-14 1:00,70
2012-04-06 9:00,345
2012-04-05 17:00,672
2012-12-12 1:00,18
2012-03-10 20:00,152
2011-02-12 15:00,161
2011-07-09 6:00,18
2012-05-16 11:00,274
2012-07-09 10:00,182
2012-09-11 8:00,691
2012-09-01 9:00,263
2012-10-16 3:00,6
2011-02-14 12:00,110
2012-08-01 2:00,12
2012-11-08 21:00,203
2012-09-17 1:00,35
2011-03-12 5:00,0
2011-02-17 18:00,286
2012-09-09 7:00,88
2011-07-11 14:00,143
2012-06-05 19:00,547
2012-04-09 2:00,18
2011-12-10 5:00,9
2011-04-15 22:00,71
2011-09-11 8:00,61
2011-12-12 4:00,5
2012-10-18 4:00,11
2011-03-11 17:00,206
2011-09-18 9:00,202
2012-08-14 22:00,248
2011-07-19 9:00,200
2012-04-13 6:00,111
2012-08-11 23:00,79
2012-10-08 0:00,87
2011-12-06 16:00,143
2011-10-19 13:00,127
2012-03-10 19:00,206
2011-11-05 15:00,339
2012-02-11 12:00,291
2012-11-17 6:00,14
2011-10-17 3:00,19
2012-05-10 6:00,139
2012-05-07 14:00,219
2011-10-09 5:00,13
2012-07-19 22:00,201
2012-04-09 15:00,290
2012-04-19 22:00,225
2011-04-17 15:00,305
2011-04-19 9:00,116
2011-12-04 12:00,302
2011-11-07 4:00,2
2012-06-04 3:00,8
2012-08-07 21:00,288
2011-01-14 0:00,8
2011-01-03 17:00,169
2012-10-04 0:00,15
2012-08-18 12:00,603
2011-04-06 21:00,137
2012-09-09 12:00,604
2012-10-12 0:00,56
2011-11-14 17:00,523
2011-04-08 14:00,36
2012-06-13 3:00,14
2011-08-16 3:00,17
2012-12-09 23:00,74
2011-05-09 22:00,128
2012-03-05 11:00,129
2012-12-14 11:00,181
2011-06-15 10:00,129
2011-04-16 11:00,117
2012-11-05 11:00,211
2011-10-19 17:00,295
2011-11-07 18:00,416
2011-12-18 14:00,231
2012-01-07 4:00,13
2012-11-18 6:00,16
2011-11-19 2:00,44
2011-05-15 1:00,63
2012-04-12 20:00,246
2011-02-15 5:00,13
2012-12-08 18:00,292
2012-07-14 17:00,366
2012-01-11 10:00,98
2011-11-08 8:00,444
2011-05-14 12:00,232
2011-09-06 0:00,25
2012-03-12 19:00,418
2012-12-07 3:00,7
2012-01-09 15:00,41
2011-08-02 9:00,150
2011-02-14 3:00,-1
2011-02-03 10:00,56
2012-08-19 16:00,566
2012-07-19 16:00,380
2012-12-05 14:00,258
2011-06-07 21:00,219
2012-06-11 13:00,267
2011-02-14 4:00,-1
2012-04-08 3:00,-8
2011-08-05 1:00,13
2012-07-13 15:00,337
2012-10-06 2:00,90
2011-03-19 13:00,288
2011-06-04 1:00,72
2012-11-19 20:00,267
2012-11-15 13:00,241
2012-06-11 22:00,221
2011-11-03 17:00,477
2012-02-14 14:00,163
2012-10-03 8:00,653
2011-01-11 10:00,40
2012-05-01 0:00,57
2012-07-19 5:00,45
2011-11-01 7:00,264
2011-03-17 4:00,5
2011-05-02 3:00,13
2012-05-17 3:00,13
2012-10-06 13:00,597
2012-01-14 5:00,6
2012-12-13 16:00,341
2011-08-18 5:00,33
2012-04-15 13:00,600
2011-05-09 11:00,136
2012-01-19 7:00,233
2012-11-16 6:00,134
2011-03-05 23:00,35
2011-11-19 21:00,99
2012-07-02 1:00,13
2011-04-12 17:00,204
2011-03-11 2:00,-1
2012-09-15 7:00,71
2012-10-02 6:00,68
2012-03-08 4:00,1
2012-02-12 8:00,38
2011-10-14 8:00,390
2012-05-05 22:00,145
2011-04-03 8:00,65
2012-10-07 22:00,129
2012-05-05 21:00,197
2011-12-15 16:00,285
2012-10-14 5:00,13
2011-02-07 14:00,71
2012-05-01 21:00,273
2011-03-04 11:00,63
2012-12-06 4:00,11
2012-02-16 16:00,80
2011-10-17 11:00,196
2011-10-09 20:00,226
2011-03-10 6:00,-49
2011-10-02 6:00,15
2012-04-06 6:00,104
2012-11-05 5:00,30
2012-11-10 20:00,250
2012-05-06 17:00,490
2011-09-15 19:00,291
2012-12-10 16:00,342
2011-03-16 22:00,62
2012-01-08 10:00,224
2011-01-11 2:00,0
2011-03-13 10:00,126
2012-11-05 2:00,12
2011-09-12 11:00,169
2011-09-06 18:00,316
2012-09-19 14:00,283
2011-10-19 21:00,114
2011-01-07 16:00,78
2012-02-03 3:00,10
2011-09-12 0:00,28
2011-10-15 14:00,416
2011-07-16 13:00,411
2011-07-16 23:00,136
2011-07-12 5:00,18
2012-02-03 14:00,169
2012-11-08 12:00,213
2011-07-16 5:00,10
2012-08-11 11:00,455
2011-04-03 0:00,38
2012-05-10 18:00,722
2011-02-18 22:00,6
2012-03-03 20:00,205
2011-09-04 17:00,421
2011-10-10 8:00,245
2012-03-05 10:00,117
2011-05-19 8:00,397
2012-09-04 12:00,310
2012-02-19 12:00,267
2012-04-04 9:00,355
2012-07-18 11:00,156
2011-12-09 6:00,86
2011-02-11 0:00,12
2012-02-16 0:00,30
2012-06-19 11:00,227
2012-02-13 7:00,186
2011-03-06 16:00,22
2011-09-06 5:00,32
2012-08-12 20:00,318
2012-05-04 17:00,723
2011-01-04 11:00,39
2011-09-10 14:00,396
2012-10-05 1:00,34
2011-06-18 8:00,21
2011-02-06 11:00,156
2012-05-13 4:00,13
2011-02-14 15:00,84
2012-05-15 10:00,203
2012-10-06 21:00,225
2011-10-03 10:00,118
2012-02-16 6:00,96
2011-11-06 22:00,105
2012-03-06 14:00,177
2012-02-10 9:00,231
2011-09-01 19:00,382
2011-11-02 23:00,60
2012-05-14 14:00,207
2012-11-11 8:00,116
2012-02-12 11:00,176
2011-07-04 16:00,416
2012-03-05 8:00,516
2011-12-15 11:00,145
2011-02-01 22:00,38
2011-12-14 11:00,118
2011-01-10 23:00,16
2011-08-06 18:00,260
2011-07-19 18:00,505
2012-09-12 21:00,330
2011-07-06 8:00,471
2012-10-15 23:00,128
2012-02-05 18:00,181
2011-08-06 23:00,84
2011-10-16 8:00,151
2011-11-03 10:00,124
2011-07-09 2:00,74
2011-06-11 20:00,258
2011-12-02 3:00,1
2012-09-11 13:00,327
2012-05-06 3:00,40
2011-03-01 22:00,47
2012-11-03 6:00,21
2011-11-11 6:00,6
2011-01-09 15:00,105
2011-06-03 8:00,430
2012-08-19 11:00,229
2012-12-08 13:00,409
2012-12-03 20:00,303
2011-06-10 16:00,272
2012-07-06 4:00,1
2012-07-06 12:00,272
2011-01-08 4:00,2
2012-11-09 12:00,230
2012-04-10 8:00,603
2012-01-05 20:00,153
2011-01-03 5:00,5
2011-10-07 21:00,196
2012-12-15 18:00,335
2012-05-14 3:00,10
2012-01-02 8:00,61
2011-10-03 0:00,22
2012-06-14 9:00,347
2011-10-07 20:00,265
2011-01-17 6:00,7
2011-04-10 18:00,165
2011-12-17 17:00,215
2011-11-11 1:00,42
2011-05-16 5:00,30
2011-09-15 3:00,8
2011-03-17 0:00,21
2012-01-11 7:00,213
2012-09-17 15:00,305
2011-08-19 5:00,19
2012-08-10 20:00,385
2011-01-05 0:00,6
2011-07-08 18:00,434
2012-07-05 16:00,334
2011-07-09 22:00,174
2012-12-13 7:00,375
2012-02-13 5:00,2
2012-06-02 14:00,641
2012-01-14 1:00,47
2011-01-13 3:00,-9
2012-08-17 20:00,344
2011-06-17 9:00,221
2012-08-10 17:00,833
2012-10-03 4:00,-39
2011-02-11 19:00,123
2011-08-06 11:00,329
2012-07-10 9:00,338
2012-03-04 13:00,365
2011-12-17 21:00,79
2011-11-13 20:00,103
2012-04-12 19:00,458
2011-10-12 19:00,167
2012-10-11 11:00,282
2012-10-02 3:00,-4
2011-08-03 13:00,191
2012-06-07 9:00,330
2012-04-19 15:00,308
2012-05-02 10:00,170
2012-10-17 21:00,228
2012-07-13 4:00,4
2011-06-10 5:00,33
2012-12-11 3:00,15
2012-07-17 18:00,750
2011-07-13 16:00,246
2011-02-04 15:00,63
2011-12-11 2:00,47
2011-06-15 2:00,9
2012-12-16 23:00,69
2012-09-18 12:00,171
2011-05-06 12:00,202
2012-04-02 5:00,22
2011-04-15 1:00,22
2012-11-11 22:00,123
2011-11-18 7:00,233
2011-11-18 5:00,20
2012-08-10 19:00,591
2012-06-14 22:00,217
2011-11-17 2:00,2
2012-02-05 15:00,236
2011-10-15 8:00,114
2011-08-16 1:00,16
2012-04-07 7:00,61
2012-06-19 7:00,443
2011-11-10 3:00,6
2011-07-08 16:00,199
2012-04-09 1:00,25
2012-05-10 13:00,316
2012-12-16 14:00,370
2012-07-02 21:00,330
2011-08-13 11:00,308
2011-04-09 16:00,156
2011-06-17 14:00,190
2011-04-01 18:00,257
2011-06-03 14:00,217
2011-02-11 17:00,200
2011-10-06 12:00,206
2012-01-06 1:00,16
2011-12-05 10:00,114
2011-01-18 15:00,46
2012-01-14 15:00,210
2012-07-15 5:00,16
2011-03-17 2:00,11
2012-06-11 18:00,701
2011-09-08 14:00,124
2012-04-10 23:00,109
2011-01-12 15:00,45
2011-12-06 18:00,278
2012-09-14 7:00,391
2012-07-18 0:00,37
2011-04-18 20:00,144
2012-01-12 12:00,143
2012-04-09 5:00,9
2012-09-06 2:00,5
2012-09-09 11:00,533
2012-03-18 15:00,453
2011-01-02 23:00,22
2011-03-08 17:00,230
2011-05-11 8:00,426
2011-01-06 1:00,6
2012-05-14 2:00,1
2011-02-17 9:00,133
2011-02-15 12:00,80
2011-10-15 7:00,46
2011-10-10 17:00,444
2011-03-07 11:00,62
2012-12-03 9:00,351
2012-03-10 3:00,20
2011-10-08 8:00,89
2012-08-14 15:00,278
2011-05-04 19:00,305
2012-10-10 16:00,511
2012-06-16 16:00,635
2012-09-14 16:00,478
2012-09-04 15:00,276
2012-06-19 19:00,566
2011-10-08 0:00,103
2011-06-12 10:00,264
2011-04-12 5:00,12
2011-05-07 13:00,448
2011-12-14 0:00,29
2011-03-04 4:00,5
2012-03-07 17:00,621
2012-10-19 22:00,204
2012-05-02 2:00,14
2012-07-17 11:00,150
2011-06-11 3:00,24
2012-03-05 21:00,146
2012-03-13 22:00,196
2011-07-08 6:00,118
2011-07-08 22:00,194
2012-04-09 16:00,408
2011-12-13 21:00,127
2012-10-02 21:00,226
2011-07-13 9:00,184
2012-10-13 1:00,97
2011-09-02 13:00,198
2012-09-06 13:00,216
2012-03-01 20:00,224
2011-05-06 3:00,9
2011-11-18 10:00,111
2012-10-08 15:00,387
2011-08-16 21:00,235
2012-06-17 0:00,155
2012-10-09 14:00,259
2011-03-14 23:00,39
2011-04-14 13:00,170
2012-04-04 4:00,10
2011-01-09 19:00,54
2012-12-09 3:00,35
2012-05-16 16:00,438
2011-06-06 2:00,12
2012-10-15 2:00,31
2012-06-10 12:00,548
2012-12-09 20:00,119
2011-06-06 6:00,101
2012-08-10 14:00,262
2011-05-10 19:00,353
2012-07-01 2:00,82
2011-02-19 7:00,0
2011-07-16 16:00,439
2011-07-10 3:00,30
2012-10-09 10:00,198
2012-07-11 5:00,28
2012-06-04 18:00,789
2011-08-15 15:00,110
2011-06-08 1:00,20
2011-06-08 9:00,211
2012-09-15 13:00,702
2012-05-16 14:00,300
2012-01-17 0:00,30
2012-03-16 19:00,375
2011-05-04 4:00,-6
2012-09-19 1:00,22
2011-11-14 1:00,13
2012-11-15 19:00,384
2012-02-05 20:00,113
2012-10-15 8:00,681
2012-05-02 11:00,208
2011-10-17 18:00,499
2012-05-11 12:00,322
2012-11-05 20:00,255
2011-03-18 16:00,212
2011-11-01 1:00,10
2011-12-07 20:00,13
2012-02-09 2:00,7
2012-04-03 8:00,604
2011-01-06 16:00,82
2012-10-12 6:00,143
2012-08-11 18:00,407
2011-11-15 1:00,12
2012-09-05 8:00,659
2012-02-11 23:00,102
2012-10-11 18:00,737
2012-08-03 2:00,17
2012-02-02 23:00,73
2012-07-04 13:00,448
2012-09-02 8:00,181
2012-08-17 10:00,282
2011-07-17 3:00,29
2011-07-09 23:00,122
2012-02-07 16:00,304
2012-11-08 11:00,228
2011-02-07 2:00,0
2011-05-06 1:00,25
2011-10-09 0:00,92
2012-07-12 9:00,351
2012-04-18 1:00,22
2012-09-18 18:00,591
2011-12-04 15:00,324
2012-06-13 19:00,602
2011-10-06 2:00,6
2011-06-06 5:00,24
2011-06-03 20:00,330
2012-09-04 1:00,29
2011-07-10 0:00,119
2011-03-10 7:00,50
2011-02-17 10:00,59
2012-01-19 1:00,8
2011-01-09 16:00,60
2011-04-04 4:00,-1
2011-05-11 7:00,275
2011-03-15 14:00,73
2012-04-02 12:00,268
2012-09-16 9:00,323
2011-04-11 20:00,162
2012-05-02 6:00,0
2011-04-16 5:00,5
2012-06-10 6:00,39
2012-07-08 21:00,205
2011-09-13 9:00,210
2012-01-10 18:00,398
2012-06-02 18:00,544
2012-03-15 2:00,7
2011-12-12 6:00,86
2012-04-07 18:00,480
2012-10-16 12:00,306
2011-08-09 0:00,29
2011-12-17 0:00,71
2012-04-04 17:00,752
2012-05-01 2:00,11
2012-09-06 9:00,172
2011-02-06 2:00,28
2012-09-06 17:00,806
2011-09-14 10:00,135
2011-04-15 18:00,276
2012-01-01 12:00,266
2012-03-15 10:00,181
2012-10-17 8:00,709
2012-06-10 8:00,182
2012-02-09 14:00,135
2012-01-19 16:00,178
2012-03-17 22:00,187
2012-10-14 15:00,661
2011-06-18 18:00,361
2012-12-01 5:00,25
2011-08-19 16:00,278
2011-05-10 7:00,254
2012-10-15 13:00,193
2011-05-02 5:00,27
2012-09-07 11:00,244
2012-12-06 3:00,11
2012-09-18 10:00,131
2011-01-06 8:00,209
2012-05-17 6:00,145
2011-12-01 2:00,0
2012-02-15 4:00,3
2011-05-06 20:00,232
2011-05-19 21:00,193
2012-11-09 11:00,211
2012-07-07 12:00,348
2011-10-04 2:00,0
2011-05-19 17:00,464
2011-10-09 19:00,248
2012-09-07 21:00,294
2012-06-05 14:00,244
2012-07-07 8:00,209
2011-07-18 11:00,151
2012-03-15 23:00,70
2012-01-16 12:00,189
2011-02-14 14:00,44
2011-07-08 3:00,9
2011-11-18 14:00,142
2011-03-11 7:00,130
2012-07-02 3:00,15
2012-03-17 1:00,68
2012-01-10 12:00,170
2011-12-16 12:00,136
2012-09-13 8:00,725
2011-10-16 10:00,300
2011-12-18 22:00,28
2012-02-14 1:00,14
2012-08-11 15:00,496
2011-07-11 4:00,17
2011-09-09 22:00,136
2011-01-16 9:00,25
2012-07-08 1:00,92
2012-04-01 19:00,300
2011-04-14 6:00,54
2012-04-01 13:00,421
2012-11-02 10:00,208
2012-06-05 1:00,9
2011-05-04 20:00,190
2011-09-05 5:00,3
2011-03-17 15:00,155
2011-12-01 9:00,177
2012-12-05 0:00,74
2011-01-17 0:00,17
2012-05-16 17:00,788
2011-12-08 22:00,77
2011-10-03 16:00,281
2012-11-15 5:00,30
2011-01-16 1:00,30
2011-05-17 0:00,24
2012-07-04 12:00,494
2011-09-10 7:00,57
2012-03-02 10:00,149
2011-05-03 19:00,322
2011-03-18 5:00,21
2012-05-17 16:00,476
2012-01-07 18:00,336
2012-01-12 11:00,108
2011-12-07 12:00,39
2012-06-07 6:00,169
2011-07-13 7:00,290
2011-04-12 6:00,54
2011-05-19 23:00,61
2011-08-02 10:00,124
2011-10-09 3:00,24
2011-06-06 23:00,118
2012-06-01 14:00,201
2012-03-07 16:00,363
2011-06-10 9:00,193
2011-12-11 16:00,258
2011-02-04 17:00,199
2012-08-13 3:00,7
2012-08-06 17:00,846
2012-09-14 13:00,338
2012-07-11 20:00,426
2012-11-13 22:00,138
2012-09-19 15:00,312
2012-01-16 18:00,215
2011-09-02 8:00,434
2011-03-18 7:00,168
2011-08-09 14:00,138
2012-12-09 19:00,165
2012-01-08 7:00,30
2011-04-12 1:00,3
2011-10-08 13:00,427
2011-07-11 2:00,19
2012-08-10 2:00,19
2012-04-06 8:00,577
2011-05-08 0:00,87
2012-04-17 4:00,30
2012-03-14 14:00,244
2012-06-14 14:00,281
2012-11-15 16:00,325
2011-07-19 7:00,266
2012-10-17 13:00,316
2012-04-12 6:00,98
2011-01-04 17:00,180
2011-06-18 6:00,21
2011-10-11 9:00,225
2012-01-01 8:00,17
2012-10-10 23:00,152
2011-11-01 12:00,186
2012-10-13 17:00,545
2012-12-10 21:00,138
2011-09-09 16:00,269
2011-09-01 7:00,296
2011-09-01 17:00,577
2012-05-12 18:00,509
2012-07-14 4:00,14
2012-07-06 14:00,241
2012-06-08 9:00,349
2012-12-15 17:00,358
2012-03-16 22:00,127
2011-02-10 6:00,25
2012-04-07 12:00,511
2012-10-16 2:00,7
2011-04-15 5:00,4
2012-11-07 2:00,12
2012-06-11 21:00,291
2011-10-05 21:00,166
2011-10-10 6:00,26
2011-07-15 11:00,171
2011-02-15 21:00,74
2011-08-02 14:00,172
2011-09-08 20:00,151
2011-07-02 3:00,17
2011-08-07 17:00,246
2012-04-05 12:00,310
2012-04-05 7:00,353
2012-12-02 1:00,95
2011-06-08 18:00,459
2011-09-11 17:00,444
2011-02-09 21:00,81
2012-12-08 4:00,28
2012-04-04 19:00,534
2012-07-11 22:00,265
2012-05-11 14:00,309
2011-01-17 1:00,19
2011-10-10 12:00,412
2012-02-08 3:00,3
2012-07-12 6:00,153
2011-08-03 17:00,470
2011-04-13 1:00,7
2012-05-11 18:00,719
2011-11-10 17:00,271
2011-03-18 0:00,29
2012-05-17 23:00,159
2012-07-01 10:00,343
2011-08-05 19:00,389
2011-01-09 21:00,23
2011-12-08 21:00,132
2011-06-14 4:00,16
2012-02-16 21:00,131
2011-07-18 18:00,483
2011-08-03 22:00,112
2012-07-17 2:00,14
2012-08-15 15:00,308
2012-08-11 7:00,66
2011-08-14 9:00,114
2012-03-12 0:00,25
2012-07-12 12:00,303
2012-01-07 23:00,69
2011-01-01 4:00,4
2011-05-12 7:00,272
2012-11-04 6:00,21
2011-06-16 7:00,110
2012-06-07 5:00,34
2012-04-06 3:00,5
2012-08-13 10:00,255
2012-05-02 7:00,375
2012-11-16 23:00,110
2011-04-16 23:00,51
2011-06-10 11:00,141
2012-08-14 12:00,294
2012-02-14 13:00,161
2011-05-05 19:00,330
2012-09-06 19:00,578
2011-03-07 16:00,116
2011-04-17 17:00,334
2012-04-17 13:00,315
2011-02-03 19:00,99
2012-02-10 14:00,132
2011-06-10 13:00,196
2011-05-10 11:00,160
2012-05-19 13:00,638
2012-05-02 0:00,61
2012-10-06 16:00,692
2012-04-14 0:00,77
2012-12-04 14:00,190
2012-09-08 8:00,199
2012-12-13 19:00,384
2011-05-16 3:00,10
2011-03-06 19:00,21
2012-04-14 4:00,10
2011-08-19 1:00,-4
2012-05-12 13:00,604
2011-01-19 11:00,60
2012-01-02 23:00,25
2011-01-02 13:00,117
2011-08-14 2:00,58
2011-02-15 15:00,80
2011-05-03 1:00,15
2011-06-07 12:00,169
2011-11-07 1:00,6
2011-11-11 19:00,165
2011-02-09 16:00,87
2012-04-02 8:00,590
2012-03-06 13:00,178
2011-11-16 5:00,16
2012-11-03 5:00,12
2011-09-11 9:00,214
2012-02-12 22:00,68
2011-08-05 10:00,113
2011-03-01 7:00,96
2011-02-16 22:00,74
2012-09-02 6:00,8
2011-01-02 15:00,83
2011-08-03 2:00,-4
2011-06-01 12:00,154
2012-09-16 13:00,632
2012-05-16 9:00,329
2012-11-17 18:00,310
2012-02-08 15:00,100
2011-11-07 12:00,160
2012-02-01 23:00,58
2011-08-08 16:00,282
2011-07-14 23:00,114
2011-01-19 5:00,5
2011-12-17 18:00,173
2011-03-16 15:00,83
2011-06-09 2:00,26
2012-03-05 16:00,187
2012-09-03 21:00,184
2011-11-02 16:00,262
2011-01-08 19:00,40
2012-10-13 21:00,171
2011-06-14 14:00,180
2012-08-04 14:00,514
2012-07-11 10:00,213
2012-03-07 18:00,602
2011-07-11 16:00,264
2012-01-04 21:00,90
2011-08-18 16:00,275
2012-05-08 10:00,187
2011-10-05 4:00,5
2011-08-07 0:00,114
2012-02-06 4:00,6
2012-03-09 12:00,220
2011-02-18 18:00,315
2012-03-03 21:00,151
2012-02-13 13:00,151
2012-02-12 17:00,221
2012-11-03 23:00,111
2012-07-03 22:00,255
2011-01-15 12:00,130
2011-04-18 12:00,147
2012-05-11 21:00,306
2012-12-06 1:00,20
2012-08-01 4:00,19
2011-02-19 0:00,-11
2012-05-05 15:00,435
2011-08-11 2:00,0
2012-08-01 12:00,278
2011-12-14 2:00,7
2011-08-14 16:00,377
2011-04-06 3:00,5
2012-09-15 14:00,681
2012-08-01 6:00,174
2011-05-03 16:00,260
2011-01-17 17:00,93
2012-11-16 9:00,363
2011-10-01 12:00,220
2012-05-07 3:00,13
2011-02-10 16:00,101
2011-08-06 17:00,303
2012-10-03 2:00,8
2011-11-12 18:00,246
2012-05-03 20:00,401
2012-06-03 6:00,44
2012-11-11 1:00,100
2012-06-19 14:00,243
2011-02-05 0:00,38
2012-06-19 8:00,689
2012-04-01 20:00,220
2012-10-09 1:00,11
2012-01-16 5:00,-8
2012-07-09 13:00,284
2012-05-01 9:00,281
2012-01-15 23:00,39
2011-05-07 18:00,338